,Title,link
3,10 Things I Hate About You,https://imsdb.com/scripts/10-Things-I-Hate-About-You.html
4,12,https://imsdb.com/scripts/12.html
5,12 and Holding,https://imsdb.com/scripts/12-and-Holding.html
6,12 Monkeys,https://imsdb.com/scripts/12-Monkeys.html
7,12 Years a Slave,https://imsdb.com/scripts/12-Years-a-Slave.html
8,127 Hours,https://imsdb.com/scripts/127-Hours.html
9,1492: Conquest of Paradise,https://imsdb.com/scripts/1492:-Conquest-of-Paradise.html
10,15 Minutes,https://imsdb.com/scripts/15-Minutes.html
11,17 Again,https://imsdb.com/scripts/17-Again.html
12,187,https://imsdb.com/scripts/187.html
13,2001: A Space Odyssey,https://imsdb.com/scripts/2001:-A-Space-Odyssey.html
14,2012,https://imsdb.com/scripts/2012.html
15,25th Hour,https://imsdb.com/scripts/25th-Hour.html
16,28 Days Later,https://imsdb.com/scripts/28-Days-Later.html
17,30 Minutes or Less,https://imsdb.com/scripts/30-Minutes-or-Less.html
18,42,https://imsdb.com/scripts/42.html
19,44 Inch Chest,https://imsdb.com/scripts/44-Inch-Chest.html
20,48 Hrs.,https://imsdb.com/scripts/48-Hrs..html
21,50-50,https://imsdb.com/scripts/50-50.html
22,500 Days of Summer,https://imsdb.com/scripts/500-Days-of-Summer.html
23,8 Mile,https://imsdb.com/scripts/8-Mile.html
24,8MM,https://imsdb.com/scripts/8MM.html
25,9,https://imsdb.com/scripts/9.html
26,A Few Good Men,https://imsdb.com/scripts/A-Few-Good-Men.html
27,A Most Violent Year,https://imsdb.com/scripts/A-Most-Violent-Year.html
28,A Prayer Before Dawn,https://imsdb.com/scripts/A-Prayer-Before-Dawn.html
29,A Quiet Place,https://imsdb.com/scripts/A-Quiet-Place.html
30,A Scanner Darkly,https://imsdb.com/scripts/A-Scanner-Darkly.html
31,A Serious Man,https://imsdb.com/scripts/A-Serious-Man.html
32,A.I.,https://imsdb.com/scripts/A.I..html
33,Above the Law,https://imsdb.com/scripts/Above-the-Law.html
34,Absolute Power,https://imsdb.com/scripts/Absolute-Power.html
35,"Abyss, The","https://imsdb.com/scripts/Abyss,-The.html"
36,Ace Ventura: Pet Detective,https://imsdb.com/scripts/Ace-Ventura:-Pet-Detective.html
37,Adaptation,https://imsdb.com/scripts/Adaptation.html
38,"Addams Family, The","https://imsdb.com/scripts/Addams-Family,-The.html"
39,"Adjustment Bureau, The","https://imsdb.com/scripts/Adjustment-Bureau,-The.html"
40,"Adventures of Buckaroo Banzai Across the Eighth Dimension, The","https://imsdb.com/scripts/Adventures-of-Buckaroo-Banzai-Across-the-Eighth-Dimension,-The.html"
41,Affliction,https://imsdb.com/scripts/Affliction.html
42,After School Special,https://imsdb.com/scripts/After-School-Special.html
43,After.Life,https://imsdb.com/scripts/After.Life.html
44,Agnes of God,https://imsdb.com/scripts/Agnes-of-God.html
45,Air Force One,https://imsdb.com/scripts/Air-Force-One.html
46,Airplane,https://imsdb.com/scripts/Airplane.html
47,Airplane 2: The Sequel,https://imsdb.com/scripts/Airplane-2:-The-Sequel.html
48,Aladdin,https://imsdb.com/scripts/Aladdin.html
49,Ali,https://imsdb.com/scripts/Ali.html
50,Alien,https://imsdb.com/scripts/Alien.html
51,Alien 3,https://imsdb.com/scripts/Alien-3.html
52,Alien Nation,https://imsdb.com/scripts/Alien-Nation.html
53,Alien vs. Predator,https://imsdb.com/scripts/Alien-vs.-Predator.html
54,Alien: Resurrection,https://imsdb.com/scripts/Alien:-Resurrection.html
55,Aliens,https://imsdb.com/scripts/Aliens.html
56,All About Eve,https://imsdb.com/scripts/All-About-Eve.html
57,All About Steve,https://imsdb.com/scripts/All-About-Steve.html
58,All the King's Men,https://imsdb.com/scripts/All-the-King's-Men.html
59,All the President's Men,https://imsdb.com/scripts/All-the-President's-Men.html
60,Almost Famous,https://imsdb.com/scripts/Almost-Famous.html
61,Alone in the Dark,https://imsdb.com/scripts/Alone-in-the-Dark.html
62,Amadeus,https://imsdb.com/scripts/Amadeus.html
63,Amelia,https://imsdb.com/scripts/Amelia.html
64,American Beauty,https://imsdb.com/scripts/American-Beauty.html
65,American Gangster,https://imsdb.com/scripts/American-Gangster.html
66,American Graffiti,https://imsdb.com/scripts/American-Graffiti.html
67,American History X,https://imsdb.com/scripts/American-History-X.html
68,American Hustle,https://imsdb.com/scripts/American-Hustle.html
69,American Madness,https://imsdb.com/scripts/American-Madness.html
70,American Milkshake,https://imsdb.com/scripts/American-Milkshake.html
71,American Outlaws,https://imsdb.com/scripts/American-Outlaws.html
72,American Pie,https://imsdb.com/scripts/American-Pie.html
73,"American President, The","https://imsdb.com/scripts/American-President,-The.html"
74,American Psycho,https://imsdb.com/scripts/American-Psycho.html
75,American Shaolin: King of Kickboxers II,https://imsdb.com/scripts/American-Shaolin:-King-of-Kickboxers-II.html
76,American Sniper,https://imsdb.com/scripts/American-Sniper.html
77,American Splendor,https://imsdb.com/scripts/American-Splendor.html
78,American Werewolf in London,https://imsdb.com/scripts/American-Werewolf-in-London.html
79,"American, The","https://imsdb.com/scripts/American,-The.html"
80,"Amityville Asylum, The","https://imsdb.com/scripts/Amityville-Asylum,-The.html"
81,Amour,https://imsdb.com/scripts/Amour.html
82,An Education,https://imsdb.com/scripts/An-Education.html
83,Analyze That,https://imsdb.com/scripts/Analyze-That.html
84,Analyze This,https://imsdb.com/scripts/Analyze-This.html
85,Anastasia,https://imsdb.com/scripts/Anastasia.html
86,Angel Eyes,https://imsdb.com/scripts/Angel-Eyes.html
87,Angels & Demons,https://imsdb.com/scripts/Angels-&-Demons.html
88,Anna Karenina,https://imsdb.com/scripts/Anna-Karenina.html
89,Annie Hall,https://imsdb.com/scripts/Annie-Hall.html
90,"Anniversary Party, The","https://imsdb.com/scripts/Anniversary-Party,-The.html"
91,Anonymous,https://imsdb.com/scripts/Anonymous.html
92,Antitrust,https://imsdb.com/scripts/Antitrust.html
93,Antz,https://imsdb.com/scripts/Antz.html
94,"Apartment, The","https://imsdb.com/scripts/Apartment,-The.html"
95,Apocalypse Now,https://imsdb.com/scripts/Apocalypse-Now.html
96,Apollo 13,https://imsdb.com/scripts/Apollo-13.html
97,April Fool's Day,https://imsdb.com/scripts/April-Fool's-Day.html
98,Apt Pupil,https://imsdb.com/scripts/Apt-Pupil.html
99,Arbitrage,https://imsdb.com/scripts/Arbitrage.html
100,Arcade,https://imsdb.com/scripts/Arcade.html
101,Arctic Blue,https://imsdb.com/scripts/Arctic-Blue.html
102,Argo,https://imsdb.com/scripts/Argo.html
103,Armageddon,https://imsdb.com/scripts/Armageddon.html
104,Army of Darkness,https://imsdb.com/scripts/Army-of-Darkness.html
105,Arsenic and Old Lace,https://imsdb.com/scripts/Arsenic-and-Old-Lace.html
106,Arthur,https://imsdb.com/scripts/Arthur.html
107,"Artist, The","https://imsdb.com/scripts/Artist,-The.html"
108,As Good As It Gets,https://imsdb.com/scripts/As-Good-As-It-Gets.html
109,Assassins,https://imsdb.com/scripts/Assassins.html
110,"Assignment, The","https://imsdb.com/scripts/Assignment,-The.html"
111,At First Sight,https://imsdb.com/scripts/At-First-Sight.html
112,August: Osage County,https://imsdb.com/scripts/August:-Osage-County.html
113,Austin Powers - International Man of Mystery,https://imsdb.com/scripts/Austin-Powers---International-Man-of-Mystery.html
114,Austin Powers - The Spy Who Shagged Me,https://imsdb.com/scripts/Austin-Powers---The-Spy-Who-Shagged-Me.html
115,Authors Anonymous,https://imsdb.com/scripts/Authors-Anonymous.html
116,Autumn in New York,https://imsdb.com/scripts/Autumn-in-New-York.html
117,Avatar,https://imsdb.com/scripts/Avatar.html
118,"Avengers, The","https://imsdb.com/scripts/Avengers,-The.html"
119,"Avengers, The (2012)","https://imsdb.com/scripts/Avengers,-The-(2012).html"
120,"Avventura, L' (The Adventure)","https://imsdb.com/scripts/Avventura,-L'-(The-Adventure).html"
121,Awakenings,https://imsdb.com/scripts/Awakenings.html
122,Babel,https://imsdb.com/scripts/Babel.html
123,Bachelor Party,https://imsdb.com/scripts/Bachelor-Party.html
124,"Bachelor Party, The","https://imsdb.com/scripts/Bachelor-Party,-The.html"
125,Back to the Future,https://imsdb.com/scripts/Back-to-the-Future.html
126,Back to the Future II & III,https://imsdb.com/scripts/Back-to-the-Future-II-&-III.html
127,"Back-up Plan, The","https://imsdb.com/scripts/Back-up-Plan,-The.html"
128,Backdraft,https://imsdb.com/scripts/Backdraft.html
129,Bad Boys,https://imsdb.com/scripts/Bad-Boys.html
130,Bad Country,https://imsdb.com/scripts/Bad-Country.html
131,Bad Day at Black Rock,https://imsdb.com/scripts/Bad-Day-at-Black-Rock.html
132,Bad Dreams,https://imsdb.com/scripts/Bad-Dreams.html
133,Bad Lieutenant,https://imsdb.com/scripts/Bad-Lieutenant.html
134,Bad Santa,https://imsdb.com/scripts/Bad-Santa.html
135,Bad Teacher,https://imsdb.com/scripts/Bad-Teacher.html
136,Badlands,https://imsdb.com/scripts/Badlands.html
137,Bamboozled,https://imsdb.com/scripts/Bamboozled.html
138,Barry Lyndon,https://imsdb.com/scripts/Barry-Lyndon.html
139,Barton Fink,https://imsdb.com/scripts/Barton-Fink.html
140,Basic,https://imsdb.com/scripts/Basic.html
141,Basic Instinct,https://imsdb.com/scripts/Basic-Instinct.html
142,Basquiat,https://imsdb.com/scripts/Basquiat.html
143,Batman,https://imsdb.com/scripts/Batman.html
144,Batman 2,https://imsdb.com/scripts/Batman-2.html
145,Batman and Robin,https://imsdb.com/scripts/Batman-and-Robin.html
146,Batman Begins,https://imsdb.com/scripts/Batman-Begins.html
147,Batman Forever,https://imsdb.com/scripts/Batman-Forever.html
148,Batman Returns,https://imsdb.com/scripts/Batman-Returns.html
149,"Battle of Algiers, The","https://imsdb.com/scripts/Battle-of-Algiers,-The.html"
150,"Battle of Shaker Heights, The","https://imsdb.com/scripts/Battle-of-Shaker-Heights,-The.html"
151,Battle: Los Angeles,https://imsdb.com/scripts/Battle:-Los-Angeles.html
152,"Beach, The","https://imsdb.com/scripts/Beach,-The.html"
153,Bean,https://imsdb.com/scripts/Bean.html
154,Beasts of No Nation,https://imsdb.com/scripts/Beasts-of-No-Nation.html
155,Beasts of the Southern Wild,https://imsdb.com/scripts/Beasts-of-the-Southern-Wild.html
156,Beauty and the Beast,https://imsdb.com/scripts/Beauty-and-the-Beast.html
157,Beavis and Butt-head Do America,https://imsdb.com/scripts/Beavis-and-Butt-head-Do-America.html
158,Beginners,https://imsdb.com/scripts/Beginners.html
159,Being Human,https://imsdb.com/scripts/Being-Human.html
160,Being John Malkovich,https://imsdb.com/scripts/Being-John-Malkovich.html
161,Being There,https://imsdb.com/scripts/Being-There.html
162,"Believer, The","https://imsdb.com/scripts/Believer,-The.html"
163,Belle,https://imsdb.com/scripts/Belle.html
164,Beloved,https://imsdb.com/scripts/Beloved.html
165,Benny & Joon,https://imsdb.com/scripts/Benny-&-Joon.html
166,"Best Exotic Marigold Hotel, The","https://imsdb.com/scripts/Best-Exotic-Marigold-Hotel,-The.html"
167,Big,https://imsdb.com/scripts/Big.html
168,"Big Blue, The","https://imsdb.com/scripts/Big-Blue,-The.html"
169,Big Eyes,https://imsdb.com/scripts/Big-Eyes.html
170,Big Fish,https://imsdb.com/scripts/Big-Fish.html
171,"Big Lebowski, The","https://imsdb.com/scripts/Big-Lebowski,-The.html"
172,"Big Sick, The","https://imsdb.com/scripts/Big-Sick,-The.html"
173,"Big White, The","https://imsdb.com/scripts/Big-White,-The.html"
174,Birdman,https://imsdb.com/scripts/Birdman.html
175,"Birds, The","https://imsdb.com/scripts/Birds,-The.html"
176,Birthday Girl,https://imsdb.com/scripts/Birthday-Girl.html
177,"Black Dahlia, The","https://imsdb.com/scripts/Black-Dahlia,-The.html"
178,Black Panther,https://imsdb.com/scripts/Black-Panther.html
179,Black Rain,https://imsdb.com/scripts/Black-Rain.html
180,Black Snake Moan,https://imsdb.com/scripts/Black-Snake-Moan.html
181,Black Swan,https://imsdb.com/scripts/Black-Swan.html
182,BlacKkKlansman,https://imsdb.com/scripts/BlacKkKlansman.html
183,Blade,https://imsdb.com/scripts/Blade.html
184,Blade II,https://imsdb.com/scripts/Blade-II.html
185,Blade Runner,https://imsdb.com/scripts/Blade-Runner.html
186,Blade: Trinity,https://imsdb.com/scripts/Blade:-Trinity.html
187,"Blast from the Past, The","https://imsdb.com/scripts/Blast-from-the-Past,-The.html"
188,"Blind Side, The","https://imsdb.com/scripts/Blind-Side,-The.html"
189,"Bling Ring, The","https://imsdb.com/scripts/Bling-Ring,-The.html"
190,Blood and Wine,https://imsdb.com/scripts/Blood-and-Wine.html
191,Blood Simple,https://imsdb.com/scripts/Blood-Simple.html
192,Blow,https://imsdb.com/scripts/Blow.html
193,Blue Valentine,https://imsdb.com/scripts/Blue-Valentine.html
194,Blue Velvet,https://imsdb.com/scripts/Blue-Velvet.html
195,"Blues Brothers, The","https://imsdb.com/scripts/Blues-Brothers,-The.html"
196,"Bodies, Rest & Motion","https://imsdb.com/scripts/Bodies,-Rest-&-Motion.html"
197,Body Heat,https://imsdb.com/scripts/Body-Heat.html
198,Body of Evidence,https://imsdb.com/scripts/Body-of-Evidence.html
199,Bodyguard,https://imsdb.com/scripts/Bodyguard.html
200,Bones,https://imsdb.com/scripts/Bones.html
201,Bonfire of the Vanities,https://imsdb.com/scripts/Bonfire-of-the-Vanities.html
202,Bonnie and Clyde,https://imsdb.com/scripts/Bonnie-and-Clyde.html
203,Boogie Nights,https://imsdb.com/scripts/Boogie-Nights.html
204,"Book of Eli, The","https://imsdb.com/scripts/Book-of-Eli,-The.html"
205,Boondock Saints 2: All Saints Day,https://imsdb.com/scripts/Boondock-Saints-2:-All-Saints-Day.html
206,"Boondock Saints, The","https://imsdb.com/scripts/Boondock-Saints,-The.html"
207,Bottle Rocket,https://imsdb.com/scripts/Bottle-Rocket.html
208,Bound,https://imsdb.com/scripts/Bound.html
209,"Bounty Hunter, The","https://imsdb.com/scripts/Bounty-Hunter,-The.html"
210,"Bourne Identity, The","https://imsdb.com/scripts/Bourne-Identity,-The.html"
211,"Bourne Supremacy, The","https://imsdb.com/scripts/Bourne-Supremacy,-The.html"
212,"Bourne Ultimatum, The","https://imsdb.com/scripts/Bourne-Ultimatum,-The.html"
213,"Box, The","https://imsdb.com/scripts/Box,-The.html"
214,"Boxtrolls, The","https://imsdb.com/scripts/Boxtrolls,-The.html"
215,Boyhood,https://imsdb.com/scripts/Boyhood.html
216,Braveheart,https://imsdb.com/scripts/Braveheart.html
217,Brazil,https://imsdb.com/scripts/Brazil.html
218,Break,https://imsdb.com/scripts/Break.html
219,Breakdown,https://imsdb.com/scripts/Breakdown.html
220,"Breakfast Club, The","https://imsdb.com/scripts/Breakfast-Club,-The.html"
221,Breaking Away,https://imsdb.com/scripts/Breaking-Away.html
222,Brick,https://imsdb.com/scripts/Brick.html
223,Bridesmaids,https://imsdb.com/scripts/Bridesmaids.html
224,Bringing Out the Dead,https://imsdb.com/scripts/Bringing-Out-the-Dead.html
225,Broadcast News,https://imsdb.com/scripts/Broadcast-News.html
226,Broken Arrow,https://imsdb.com/scripts/Broken-Arrow.html
227,Broken Embraces,https://imsdb.com/scripts/Broken-Embraces.html
228,"Brothers Bloom, The","https://imsdb.com/scripts/Brothers-Bloom,-The.html"
229,Bruce Almighty,https://imsdb.com/scripts/Bruce-Almighty.html
230,Buffy the Vampire Slayer,https://imsdb.com/scripts/Buffy-the-Vampire-Slayer.html
231,Bull Durham,https://imsdb.com/scripts/Bull-Durham.html
232,Buried,https://imsdb.com/scripts/Buried.html
233,Burlesque,https://imsdb.com/scripts/Burlesque.html
234,Burn After Reading,https://imsdb.com/scripts/Burn-After-Reading.html
235,Burning Annie,https://imsdb.com/scripts/Burning-Annie.html
236,"Butterfly Effect, The","https://imsdb.com/scripts/Butterfly-Effect,-The.html"
237,Cable Guy,https://imsdb.com/scripts/Cable-Guy.html
238,Candle to Water,https://imsdb.com/scripts/Candle-to-Water.html
239,Capote,https://imsdb.com/scripts/Capote.html
240,Carrie,https://imsdb.com/scripts/Carrie.html
241,Cars 2,https://imsdb.com/scripts/Cars-2.html
242,Casablanca,https://imsdb.com/scripts/Casablanca.html
243,Case 39,https://imsdb.com/scripts/Case-39.html
244,Casino,https://imsdb.com/scripts/Casino.html
245,Cast Away,https://imsdb.com/scripts/Cast-Away.html
246,Catch Me If You Can,https://imsdb.com/scripts/Catch-Me-If-You-Can.html
247,Catwoman,https://imsdb.com/scripts/Catwoman.html
248,Cecil B. Demented,https://imsdb.com/scripts/Cecil-B.-Demented.html
249,Cedar Rapids,https://imsdb.com/scripts/Cedar-Rapids.html
250,Celeste & Jesse Forever,https://imsdb.com/scripts/Celeste-&-Jesse-Forever.html
251,"Cell, The","https://imsdb.com/scripts/Cell,-The.html"
252,Cellular,https://imsdb.com/scripts/Cellular.html
253,"Change-Up, The","https://imsdb.com/scripts/Change-Up,-The.html"
254,Changeling,https://imsdb.com/scripts/Changeling.html
255,Chaos,https://imsdb.com/scripts/Chaos.html
256,Charade,https://imsdb.com/scripts/Charade.html
257,Charlie's Angels,https://imsdb.com/scripts/Charlie's-Angels.html
258,Chasing Amy,https://imsdb.com/scripts/Chasing-Amy.html
259,Chasing Sleep,https://imsdb.com/scripts/Chasing-Sleep.html
260,Cherry Falls,https://imsdb.com/scripts/Cherry-Falls.html
261,Chinatown,https://imsdb.com/scripts/Chinatown.html
262,Christ Complex,https://imsdb.com/scripts/Christ-Complex.html
263,Chronicle,https://imsdb.com/scripts/Chronicle.html
264,"Chronicles of Narnia: The Lion, the Witch and the Wardrobe","https://imsdb.com/scripts/Chronicles-of-Narnia:-The-Lion,-the-Witch-and-the-Wardrobe.html"
265,"Cider House Rules, The","https://imsdb.com/scripts/Cider-House-Rules,-The.html"
266,"Cincinnati Kid, The","https://imsdb.com/scripts/Cincinnati-Kid,-The.html"
267,Cinema Paradiso,https://imsdb.com/scripts/Cinema-Paradiso.html
268,Cirque du Freak: The Vampire's Assistant,https://imsdb.com/scripts/Cirque-du-Freak:-The-Vampire's-Assistant.html
269,Citizen Kane,https://imsdb.com/scripts/Citizen-Kane.html
270,City of Joy,https://imsdb.com/scripts/City-of-Joy.html
271,Clash of the Titans,https://imsdb.com/scripts/Clash-of-the-Titans.html
272,Clerks,https://imsdb.com/scripts/Clerks.html
273,Cliffhanger,https://imsdb.com/scripts/Cliffhanger.html
274,"Clockwork Orange, A","https://imsdb.com/scripts/Clockwork-Orange,-A.html"
275,Clueless,https://imsdb.com/scripts/Clueless.html
276,Cobb,https://imsdb.com/scripts/Cobb.html
277,Coco,https://imsdb.com/scripts/Coco.html
278,Code of Silence,https://imsdb.com/scripts/Code-of-Silence.html
279,Cold Mountain,https://imsdb.com/scripts/Cold-Mountain.html
280,Collateral,https://imsdb.com/scripts/Collateral.html
281,Collateral Damage,https://imsdb.com/scripts/Collateral-Damage.html
282,Colombiana,https://imsdb.com/scripts/Colombiana.html
283,Color of Night,https://imsdb.com/scripts/Color-of-Night.html
284,Commando,https://imsdb.com/scripts/Commando.html
285,Conan the Barbarian,https://imsdb.com/scripts/Conan-the-Barbarian.html
286,Confessions of a Dangerous Mind,https://imsdb.com/scripts/Confessions-of-a-Dangerous-Mind.html
287,Confidence,https://imsdb.com/scripts/Confidence.html
288,Constantine,https://imsdb.com/scripts/Constantine.html
289,Contact,https://imsdb.com/scripts/Contact.html
290,"Cooler, The","https://imsdb.com/scripts/Cooler,-The.html"
291,Copycat,https://imsdb.com/scripts/Copycat.html
292,Coraline,https://imsdb.com/scripts/Coraline.html
293,Coriolanus,https://imsdb.com/scripts/Coriolanus.html
294,Courage Under Fire,https://imsdb.com/scripts/Courage-Under-Fire.html
295,Cowboys & Aliens,https://imsdb.com/scripts/Cowboys-&-Aliens.html
296,Cradle 2 the Grave,https://imsdb.com/scripts/Cradle-2-the-Grave.html
297,Crank,https://imsdb.com/scripts/Crank.html
298,Crash,https://imsdb.com/scripts/Crash.html
299,"Crazy, Stupid, Love","https://imsdb.com/scripts/Crazy,-Stupid,-Love.html"
300,Crazylove,https://imsdb.com/scripts/Crazylove.html
301,Creation,https://imsdb.com/scripts/Creation.html
302,Crime Spree,https://imsdb.com/scripts/Crime-Spree.html
303,"Croods, The","https://imsdb.com/scripts/Croods,-The.html"
304,"Crouching Tiger, Hidden Dragon","https://imsdb.com/scripts/Crouching-Tiger,-Hidden-Dragon.html"
305,Croupier,https://imsdb.com/scripts/Croupier.html
306,"Crow Salvation, The","https://imsdb.com/scripts/Crow-Salvation,-The.html"
307,"Crow, The","https://imsdb.com/scripts/Crow,-The.html"
308,"Crow: City of Angels, The","https://imsdb.com/scripts/Crow:-City-of-Angels,-The.html"
309,Cruel Intentions,https://imsdb.com/scripts/Cruel-Intentions.html
310,Crying Game,https://imsdb.com/scripts/Crying-Game.html
311,Cube,https://imsdb.com/scripts/Cube.html
312,"Curious Case of Benjamin Button, The","https://imsdb.com/scripts/Curious-Case-of-Benjamin-Button,-The.html"
313,Custody,https://imsdb.com/scripts/Custody.html
314,Dallas Buyers Club,https://imsdb.com/scripts/Dallas-Buyers-Club.html
315,"Damned United, The","https://imsdb.com/scripts/Damned-United,-The.html"
316,Dances with Wolves,https://imsdb.com/scripts/Dances-with-Wolves.html
317,"Danish Girl, The","https://imsdb.com/scripts/Danish-Girl,-The.html"
318,Dark City,https://imsdb.com/scripts/Dark-City.html
319,"Dark Knight Rises, The","https://imsdb.com/scripts/Dark-Knight-Rises,-The.html"
320,"Dark Knight, The","https://imsdb.com/scripts/Dark-Knight,-The.html"
321,Dark Star,https://imsdb.com/scripts/Dark-Star.html
322,Darkman,https://imsdb.com/scripts/Darkman.html
323,Date Night,https://imsdb.com/scripts/Date-Night.html
324,Dave Barry's Complete Guide to Guys,https://imsdb.com/scripts/Dave-Barry's-Complete-Guide-to-Guys.html
325,Dawn of the Dead,https://imsdb.com/scripts/Dawn-of-the-Dead.html
326,Day of the Dead,https://imsdb.com/scripts/Day-of-the-Dead.html
327,"Day the Clown Cried, The","https://imsdb.com/scripts/Day-the-Clown-Cried,-The.html"
328,"Day the Earth Stood Still, The","https://imsdb.com/scripts/Day-the-Earth-Stood-Still,-The.html"
329,Days of Heaven,https://imsdb.com/scripts/Days-of-Heaven.html
330,Dead Poets Society,https://imsdb.com/scripts/Dead-Poets-Society.html
331,Deadpool,https://imsdb.com/scripts/Deadpool.html
332,Dear White People,https://imsdb.com/scripts/Dear-White-People.html
333,Death at a Funeral,https://imsdb.com/scripts/Death-at-a-Funeral.html
334,Death to Smoochy,https://imsdb.com/scripts/Death-to-Smoochy.html
335,"Debt, The","https://imsdb.com/scripts/Debt,-The.html"
336,Deception,https://imsdb.com/scripts/Deception.html
337,Deep Cover,https://imsdb.com/scripts/Deep-Cover.html
338,Deep Rising,https://imsdb.com/scripts/Deep-Rising.html
339,"Deer Hunter, The","https://imsdb.com/scripts/Deer-Hunter,-The.html"
340,Defiance,https://imsdb.com/scripts/Defiance.html
341,"Departed, The","https://imsdb.com/scripts/Departed,-The.html"
342,"Descendants, The","https://imsdb.com/scripts/Descendants,-The.html"
343,Despicable Me 2,https://imsdb.com/scripts/Despicable-Me-2.html
344,Detroit Rock City,https://imsdb.com/scripts/Detroit-Rock-City.html
345,Devil in a Blue Dress,https://imsdb.com/scripts/Devil-in-a-Blue-Dress.html
346,"Devil Wears Prada, The","https://imsdb.com/scripts/Devil-Wears-Prada,-The.html"
347,Devil's Advocate,https://imsdb.com/scripts/Devil's-Advocate.html
348,Die Hard,https://imsdb.com/scripts/Die-Hard.html
349,Die Hard 2,https://imsdb.com/scripts/Die-Hard-2.html
350,Diner,https://imsdb.com/scripts/Diner.html
351,"Distinguished Gentleman, The","https://imsdb.com/scripts/Distinguished-Gentleman,-The.html"
352,Disturbia,https://imsdb.com/scripts/Disturbia.html
353,Django Unchained,https://imsdb.com/scripts/Django-Unchained.html
354,Do The Right Thing,https://imsdb.com/scripts/Do-The-Right-Thing.html
355,Dog Day Afternoon,https://imsdb.com/scripts/Dog-Day-Afternoon.html
356,Dogma,https://imsdb.com/scripts/Dogma.html
357,Donnie Brasco,https://imsdb.com/scripts/Donnie-Brasco.html
358,Donnie Darko,https://imsdb.com/scripts/Donnie-Darko.html
359,"Doors, The","https://imsdb.com/scripts/Doors,-The.html"
360,Double Indemnity,https://imsdb.com/scripts/Double-Indemnity.html
361,Drag Me to Hell,https://imsdb.com/scripts/Drag-Me-to-Hell.html
362,Dragonslayer,https://imsdb.com/scripts/Dragonslayer.html
363,Drive,https://imsdb.com/scripts/Drive.html
364,Drive Angry,https://imsdb.com/scripts/Drive-Angry.html
365,Drop Dead Gorgeous,https://imsdb.com/scripts/Drop-Dead-Gorgeous.html
366,"Dry White Season, A","https://imsdb.com/scripts/Dry-White-Season,-A.html"
367,Duck Soup,https://imsdb.com/scripts/Duck-Soup.html
368,Dumb and Dumber,https://imsdb.com/scripts/Dumb-and-Dumber.html
369,Dune,https://imsdb.com/scripts/Dune.html
370,E.T.,https://imsdb.com/scripts/E.T..html
371,Eagle Eye,https://imsdb.com/scripts/Eagle-Eye.html
372,Eastern Promises,https://imsdb.com/scripts/Eastern-Promises.html
373,Easy A,https://imsdb.com/scripts/Easy-A.html
374,Ed TV,https://imsdb.com/scripts/Ed-TV.html
375,Ed Wood,https://imsdb.com/scripts/Ed-Wood.html
376,Edward Scissorhands,https://imsdb.com/scripts/Edward-Scissorhands.html
377,Eight Legged Freaks,https://imsdb.com/scripts/Eight-Legged-Freaks.html
378,El Mariachi,https://imsdb.com/scripts/El-Mariachi.html
379,Election,https://imsdb.com/scripts/Election.html
380,"Elephant Man, The","https://imsdb.com/scripts/Elephant-Man,-The.html"
381,Elizabeth: The Golden Age,https://imsdb.com/scripts/Elizabeth:-The-Golden-Age.html
382,Enemy of the State,https://imsdb.com/scripts/Enemy-of-the-State.html
383,"English Patient, The","https://imsdb.com/scripts/English-Patient,-The.html"
384,Enough,https://imsdb.com/scripts/Enough.html
385,Entrapment,https://imsdb.com/scripts/Entrapment.html
386,Equilibrium,https://imsdb.com/scripts/Equilibrium.html
387,Erik the Viking,https://imsdb.com/scripts/Erik-the-Viking.html
388,Erin Brockovich,https://imsdb.com/scripts/Erin-Brockovich.html
389,Escape From L.A.,https://imsdb.com/scripts/Escape-From-L.A..html
390,Escape From New York,https://imsdb.com/scripts/Escape-From-New-York.html
391,Eternal Sunshine of the Spotless Mind,https://imsdb.com/scripts/Eternal-Sunshine-of-the-Spotless-Mind.html
392,Even Cowgirls Get the Blues,https://imsdb.com/scripts/Even-Cowgirls-Get-the-Blues.html
393,Event Horizon,https://imsdb.com/scripts/Event-Horizon.html
394,Evil Dead,https://imsdb.com/scripts/Evil-Dead.html
395,Evil Dead II: Dead by Dawn,https://imsdb.com/scripts/Evil-Dead-II:-Dead-by-Dawn.html
396,Ex Machina,https://imsdb.com/scripts/Ex-Machina.html
397,Excalibur,https://imsdb.com/scripts/Excalibur.html
398,Executive Decision,https://imsdb.com/scripts/Executive-Decision.html
399,eXistenZ,https://imsdb.com/scripts/eXistenZ.html
400,Extract,https://imsdb.com/scripts/Extract.html
401,Eyes Wide Shut,https://imsdb.com/scripts/Eyes-Wide-Shut.html
402,"Fabulous Baker Boys, The","https://imsdb.com/scripts/Fabulous-Baker-Boys,-The.html"
403,Face Off,https://imsdb.com/scripts/Face-Off.html
404,Fair Game,https://imsdb.com/scripts/Fair-Game.html
405,"Family Man, The","https://imsdb.com/scripts/Family-Man,-The.html"
406,Fantastic Four,https://imsdb.com/scripts/Fantastic-Four.html
407,Fantastic Mr Fox,https://imsdb.com/scripts/Fantastic-Mr-Fox.html
408,Fargo,https://imsdb.com/scripts/Fargo.html
409,Fast Times at Ridgemont High,https://imsdb.com/scripts/Fast-Times-at-Ridgemont-High.html
410,Fatal Instinct,https://imsdb.com/scripts/Fatal-Instinct.html
411,"Fault in Our Stars, The","https://imsdb.com/scripts/Fault-in-Our-Stars,-The.html"
412,Fear and Loathing in Las Vegas,https://imsdb.com/scripts/Fear-and-Loathing-in-Las-Vegas.html
413,Feast,https://imsdb.com/scripts/Feast.html
414,Ferris Bueller's Day Off,https://imsdb.com/scripts/Ferris-Bueller's-Day-Off.html
415,Field of Dreams,https://imsdb.com/scripts/Field-of-Dreams.html
416,"Fifth Element, The","https://imsdb.com/scripts/Fifth-Element,-The.html"
417,Fight Club,https://imsdb.com/scripts/Fight-Club.html
418,"Fighter, The","https://imsdb.com/scripts/Fighter,-The.html"
419,Final Destination,https://imsdb.com/scripts/Final-Destination.html
420,Final Destination 2,https://imsdb.com/scripts/Final-Destination-2.html
421,Finding Nemo,https://imsdb.com/scripts/Finding-Nemo.html
422,Five Easy Pieces,https://imsdb.com/scripts/Five-Easy-Pieces.html
423,Flash Gordon,https://imsdb.com/scripts/Flash-Gordon.html
424,Fletch,https://imsdb.com/scripts/Fletch.html
425,Flight,https://imsdb.com/scripts/Flight.html
426,"Flintstones, The","https://imsdb.com/scripts/Flintstones,-The.html"
427,Forrest Gump,https://imsdb.com/scripts/Forrest-Gump.html
428,Four Feathers,https://imsdb.com/scripts/Four-Feathers.html
429,Four Rooms,https://imsdb.com/scripts/Four-Rooms.html
430,Foxcatcher,https://imsdb.com/scripts/Foxcatcher.html
431,Fracture,https://imsdb.com/scripts/Fracture.html
432,Frances,https://imsdb.com/scripts/Frances.html
433,Frankenstein,https://imsdb.com/scripts/Frankenstein.html
434,Frankenweenie,https://imsdb.com/scripts/Frankenweenie.html
435,Freaked,https://imsdb.com/scripts/Freaked.html
436,Freddy vs. Jason,https://imsdb.com/scripts/Freddy-vs.-Jason.html
437,"French Connection, The","https://imsdb.com/scripts/French-Connection,-The.html"
438,Frequency,https://imsdb.com/scripts/Frequency.html
439,Friday the 13th,https://imsdb.com/scripts/Friday-the-13th.html
440,Friday the 13th Part VIII: Jason Takes Manhattan,https://imsdb.com/scripts/Friday-the-13th-Part-VIII:-Jason-Takes-Manhattan.html
441,Fright Night,https://imsdb.com/scripts/Fright-Night.html
442,Fright Night (1985),https://imsdb.com/scripts/Fright-Night-(1985).html
443,From Dusk Till Dawn,https://imsdb.com/scripts/From-Dusk-Till-Dawn.html
444,From Here to Eternity,https://imsdb.com/scripts/From-Here-to-Eternity.html
445,Frozen,https://imsdb.com/scripts/Frozen.html
446,Frozen (Disney),https://imsdb.com/scripts/Frozen-(Disney).html
447,Frozen River,https://imsdb.com/scripts/Frozen-River.html
448,Fruitvale Station,https://imsdb.com/scripts/Fruitvale-Station.html
449,"Fugitive, The","https://imsdb.com/scripts/Fugitive,-The.html"
450,Full Metal Jacket,https://imsdb.com/scripts/Full-Metal-Jacket.html
451,Funny People,https://imsdb.com/scripts/Funny-People.html
452,Fury,https://imsdb.com/scripts/Fury.html
453,G.I. Jane,https://imsdb.com/scripts/G.I.-Jane.html
454,G.I. Joe: The Rise of Cobra,https://imsdb.com/scripts/G.I.-Joe:-The-Rise-of-Cobra.html
455,Game 6,https://imsdb.com/scripts/Game-6.html
456,"Game, The","https://imsdb.com/scripts/Game,-The.html"
457,Gamer,https://imsdb.com/scripts/Gamer.html
458,Gandhi,https://imsdb.com/scripts/Gandhi.html
459,Gang Related,https://imsdb.com/scripts/Gang-Related.html
460,Gangs of New York,https://imsdb.com/scripts/Gangs-of-New-York.html
461,Garden State,https://imsdb.com/scripts/Garden-State.html
462,Gattaca,https://imsdb.com/scripts/Gattaca.html
463,Get Carter,https://imsdb.com/scripts/Get-Carter.html
464,Get Low,https://imsdb.com/scripts/Get-Low.html
465,Get on Up,https://imsdb.com/scripts/Get-on-Up.html
466,Get Out,https://imsdb.com/scripts/Get-Out.html
467,Get Shorty,https://imsdb.com/scripts/Get-Shorty.html
468,"Getaway, The","https://imsdb.com/scripts/Getaway,-The.html"
469,Ghost,https://imsdb.com/scripts/Ghost.html
470,"Ghost and the Darkness, The","https://imsdb.com/scripts/Ghost-and-the-Darkness,-The.html"
471,Ghost Rider,https://imsdb.com/scripts/Ghost-Rider.html
472,Ghost Ship,https://imsdb.com/scripts/Ghost-Ship.html
473,Ghost World,https://imsdb.com/scripts/Ghost-World.html
474,Ghostbusters,https://imsdb.com/scripts/Ghostbusters.html
475,Ghostbusters 2,https://imsdb.com/scripts/Ghostbusters-2.html
476,Ginger Snaps,https://imsdb.com/scripts/Ginger-Snaps.html
477,"Girl with the Dragon Tattoo, The","https://imsdb.com/scripts/Girl-with-the-Dragon-Tattoo,-The.html"
478,Gladiator,https://imsdb.com/scripts/Gladiator.html
479,Glengarry Glen Gross,https://imsdb.com/scripts/Glengarry-Glen-Gross.html
480,Go,https://imsdb.com/scripts/Go.html
481,Godfather,https://imsdb.com/scripts/Godfather.html
482,Godfather Part II,https://imsdb.com/scripts/Godfather-Part-II.html
483,"Godfather Part III, The","https://imsdb.com/scripts/Godfather-Part-III,-The.html"
484,Gods and Monsters,https://imsdb.com/scripts/Gods-and-Monsters.html
485,Godzilla,https://imsdb.com/scripts/Godzilla.html
486,Gone Baby Gone,https://imsdb.com/scripts/Gone-Baby-Gone.html
487,Gone in 60 Seconds,https://imsdb.com/scripts/Gone-in-60-Seconds.html
488,"Good Girl, The","https://imsdb.com/scripts/Good-Girl,-The.html"
489,Good Will Hunting,https://imsdb.com/scripts/Good-Will-Hunting.html
490,Goodfellas,https://imsdb.com/scripts/Goodfellas.html
491,Gothika,https://imsdb.com/scripts/Gothika.html
492,Grabbers,https://imsdb.com/scripts/Grabbers.html
493,"Graduate, The","https://imsdb.com/scripts/Graduate,-The.html"
494,Gran Torino,https://imsdb.com/scripts/Gran-Torino.html
495,Grand Hotel,https://imsdb.com/scripts/Grand-Hotel.html
496,Grand Theft Parsons,https://imsdb.com/scripts/Grand-Theft-Parsons.html
497,"Grapes of Wrath, The","https://imsdb.com/scripts/Grapes-of-Wrath,-The.html"
498,Gravity,https://imsdb.com/scripts/Gravity.html
499,"Great Gatsby, The","https://imsdb.com/scripts/Great-Gatsby,-The.html"
500,"Green Mile, The","https://imsdb.com/scripts/Green-Mile,-The.html"
501,Gremlins,https://imsdb.com/scripts/Gremlins.html
502,Gremlins 2,https://imsdb.com/scripts/Gremlins-2.html
503,"Grifters, The","https://imsdb.com/scripts/Grifters,-The.html"
504,Grosse Point Blank,https://imsdb.com/scripts/Grosse-Point-Blank.html
505,Groundhog Day,https://imsdb.com/scripts/Groundhog-Day.html
506,"Grudge, The","https://imsdb.com/scripts/Grudge,-The.html"
507,Guardians of the Galaxy Vol 2,https://imsdb.com/scripts/Guardians-of-the-Galaxy-Vol-2.html
508,Hackers,https://imsdb.com/scripts/Hackers.html
509,Hall Pass,https://imsdb.com/scripts/Hall-Pass.html
510,Halloween,https://imsdb.com/scripts/Halloween.html
511,Halloween: The Curse of Michael Myers,https://imsdb.com/scripts/Halloween:-The-Curse-of-Michael-Myers.html
512,Hancock,https://imsdb.com/scripts/Hancock.html
513,"Hangover, The","https://imsdb.com/scripts/Hangover,-The.html"
514,Hanna,https://imsdb.com/scripts/Hanna.html
515,Hannah and Her Sisters,https://imsdb.com/scripts/Hannah-and-Her-Sisters.html
516,Hannibal,https://imsdb.com/scripts/Hannibal.html
517,"Happy Birthday, Wanda June","https://imsdb.com/scripts/Happy-Birthday,-Wanda-June.html"
518,Happy Feet,https://imsdb.com/scripts/Happy-Feet.html
519,Hard Rain,https://imsdb.com/scripts/Hard-Rain.html
520,Hard to Kill,https://imsdb.com/scripts/Hard-to-Kill.html
521,Harold and Kumar Go to White Castle,https://imsdb.com/scripts/Harold-and-Kumar-Go-to-White-Castle.html
522,Harry Potter and the Chamber of Secrets,https://imsdb.com/scripts/Harry-Potter-and-the-Chamber-of-Secrets.html
523,Harry Potter and the Deathly Hallows Part 1,https://imsdb.com/scripts/Harry-Potter-and-the-Deathly-Hallows-Part-1.html
524,Harry Potter and the Goblet of Fire,https://imsdb.com/scripts/Harry-Potter-and-the-Goblet-of-Fire.html
525,Harry Potter and the Half-Blood Prince,https://imsdb.com/scripts/Harry-Potter-and-the-Half-Blood-Prince.html
526,Harry Potter and the Prisoner of Azkaban,https://imsdb.com/scripts/Harry-Potter-and-the-Prisoner-of-Azkaban.html
527,Harry Potter and the Sorcerer's Stone,https://imsdb.com/scripts/Harry-Potter-and-the-Sorcerer's-Stone.html
528,"Haunting, The","https://imsdb.com/scripts/Haunting,-The.html"
529,He's Just Not That Into You,https://imsdb.com/scripts/He's-Just-Not-That-Into-You.html
530,Heat,https://imsdb.com/scripts/Heat.html
531,Heathers,https://imsdb.com/scripts/Heathers.html
532,Heavenly Creatures,https://imsdb.com/scripts/Heavenly-Creatures.html
533,Heavy Metal,https://imsdb.com/scripts/Heavy-Metal.html
534,"Hebrew Hammer, The","https://imsdb.com/scripts/Hebrew-Hammer,-The.html"
535,Heist,https://imsdb.com/scripts/Heist.html
536,Hellbound: Hellraiser II,https://imsdb.com/scripts/Hellbound:-Hellraiser-II.html
537,Hellboy,https://imsdb.com/scripts/Hellboy.html
538,Hellboy 2: The Golden Army,https://imsdb.com/scripts/Hellboy-2:-The-Golden-Army.html
539,Hellraiser,https://imsdb.com/scripts/Hellraiser.html
540,Hellraiser 3: Hell on Earth,https://imsdb.com/scripts/Hellraiser-3:-Hell-on-Earth.html
541,Hellraiser: Deader,https://imsdb.com/scripts/Hellraiser:-Deader.html
542,Hellraiser: Hellseeker,https://imsdb.com/scripts/Hellraiser:-Hellseeker.html
543,"Help, The","https://imsdb.com/scripts/Help,-The.html"
544,Henry Fool,https://imsdb.com/scripts/Henry-Fool.html
545,Henry's Crime,https://imsdb.com/scripts/Henry's-Crime.html
546,Her,https://imsdb.com/scripts/Her.html
547,Hesher,https://imsdb.com/scripts/Hesher.html
548,High Fidelity,https://imsdb.com/scripts/High-Fidelity.html
549,Highlander,https://imsdb.com/scripts/Highlander.html
550,Highlander: Endgame,https://imsdb.com/scripts/Highlander:-Endgame.html
551,"Hills Have Eyes, The","https://imsdb.com/scripts/Hills-Have-Eyes,-The.html"
552,His Girl Friday,https://imsdb.com/scripts/His-Girl-Friday.html
553,Hitchcock,https://imsdb.com/scripts/Hitchcock.html
554,"Hitchhiker's Guide to the Galaxy, The","https://imsdb.com/scripts/Hitchhiker's-Guide-to-the-Galaxy,-The.html"
555,Hollow Man,https://imsdb.com/scripts/Hollow-Man.html
556,Honeydripper,https://imsdb.com/scripts/Honeydripper.html
557,Horrible Bosses,https://imsdb.com/scripts/Horrible-Bosses.html
558,"Horse Whisperer, The","https://imsdb.com/scripts/Horse-Whisperer,-The.html"
559,"Hospital, The","https://imsdb.com/scripts/Hospital,-The.html"
560,Hostage,https://imsdb.com/scripts/Hostage.html
561,Hot Tub Time Machine,https://imsdb.com/scripts/Hot-Tub-Time-Machine.html
562,Hotel Rwanda,https://imsdb.com/scripts/Hotel-Rwanda.html
563,House of 1000 Corpses,https://imsdb.com/scripts/House-of-1000-Corpses.html
564,How to Lose Friends & Alienate People,https://imsdb.com/scripts/How-to-Lose-Friends-&-Alienate-People.html
565,How to Train Your Dragon,https://imsdb.com/scripts/How-to-Train-Your-Dragon.html
566,How to Train Your Dragon 2,https://imsdb.com/scripts/How-to-Train-Your-Dragon-2.html
567,Hudson Hawk,https://imsdb.com/scripts/Hudson-Hawk.html
568,"Hudsucker Proxy, The","https://imsdb.com/scripts/Hudsucker-Proxy,-The.html"
569,Human Nature,https://imsdb.com/scripts/Human-Nature.html
570,"Hunt for Red October, The","https://imsdb.com/scripts/Hunt-for-Red-October,-The.html"
571,"Hurt Locker, The","https://imsdb.com/scripts/Hurt-Locker,-The.html"
572,I Am Number Four,https://imsdb.com/scripts/I-Am-Number-Four.html
573,I am Sam,https://imsdb.com/scripts/I-am-Sam.html
574,I Love You Phillip Morris,https://imsdb.com/scripts/I-Love-You-Phillip-Morris.html
575,I Spit on Your Grave,https://imsdb.com/scripts/I-Spit-on-Your-Grave.html
576,I Still Know What You Did Last Summer,https://imsdb.com/scripts/I-Still-Know-What-You-Did-Last-Summer.html
577,I'll Do Anything,https://imsdb.com/scripts/I'll-Do-Anything.html
578,"I, Robot","https://imsdb.com/scripts/I,-Robot.html"
579,"Ice Storm, The","https://imsdb.com/scripts/Ice-Storm,-The.html"
580,"Ides of March, The","https://imsdb.com/scripts/Ides-of-March,-The.html"
581,"Imaginarium of Doctor Parnassus, The","https://imsdb.com/scripts/Imaginarium-of-Doctor-Parnassus,-The.html"
582,In the Bedroom,https://imsdb.com/scripts/In-the-Bedroom.html
583,In the Loop,https://imsdb.com/scripts/In-the-Loop.html
584,Inception,https://imsdb.com/scripts/Inception.html
585,"Incredibles, The","https://imsdb.com/scripts/Incredibles,-The.html"
586,Independence Day,https://imsdb.com/scripts/Independence-Day.html
587,Indiana Jones and the Last Crusade,https://imsdb.com/scripts/Indiana-Jones-and-the-Last-Crusade.html
588,Indiana Jones and the Raiders of the Lost Ark,https://imsdb.com/scripts/Indiana-Jones-and-the-Raiders-of-the-Lost-Ark.html
589,Indiana Jones and the Temple of Doom,https://imsdb.com/scripts/Indiana-Jones-and-the-Temple-of-Doom.html
590,Indiana Jones IV,https://imsdb.com/scripts/Indiana-Jones-IV.html
591,"Informant, The","https://imsdb.com/scripts/Informant,-The.html"
592,Inglourious Basterds,https://imsdb.com/scripts/Inglourious-Basterds.html
593,Innerspace,https://imsdb.com/scripts/Innerspace.html
594,"Insider, The","https://imsdb.com/scripts/Insider,-The.html"
595,Insidious,https://imsdb.com/scripts/Insidious.html
596,Insomnia,https://imsdb.com/scripts/Insomnia.html
597,Interstellar,https://imsdb.com/scripts/Interstellar.html
598,Interview with the Vampire,https://imsdb.com/scripts/Interview-with-the-Vampire.html
599,Into the Wild,https://imsdb.com/scripts/Into-the-Wild.html
600,Into the Woods,https://imsdb.com/scripts/Into-the-Woods.html
601,Intolerable Cruelty,https://imsdb.com/scripts/Intolerable-Cruelty.html
602,Inventing the Abbotts,https://imsdb.com/scripts/Inventing-the-Abbotts.html
603,"Invention of Lying, The","https://imsdb.com/scripts/Invention-of-Lying,-The.html"
604,Invictus,https://imsdb.com/scripts/Invictus.html
605,"Iron Lady, The","https://imsdb.com/scripts/Iron-Lady,-The.html"
606,"Island, The","https://imsdb.com/scripts/Island,-The.html"
607,It,https://imsdb.com/scripts/It.html
608,It Happened One Night,https://imsdb.com/scripts/It-Happened-One-Night.html
609,It Happened One Night,https://imsdb.com/scripts/It-Happened-One-Night.html
610,It's a Wonderful Life,https://imsdb.com/scripts/It's-a-Wonderful-Life.html
611,It's Complicated,https://imsdb.com/scripts/It's-Complicated.html
612,"Italian Job, The","https://imsdb.com/scripts/Italian-Job,-The.html"
613,"Jacket, The","https://imsdb.com/scripts/Jacket,-The.html"
614,Jackie Brown,https://imsdb.com/scripts/Jackie-Brown.html
615,Jacob's Ladder,https://imsdb.com/scripts/Jacob's-Ladder.html
616,Jade,https://imsdb.com/scripts/Jade.html
617,Jane Eyre,https://imsdb.com/scripts/Jane-Eyre.html
618,Jason X,https://imsdb.com/scripts/Jason-X.html
619,Jaws,https://imsdb.com/scripts/Jaws.html
620,Jaws 2,https://imsdb.com/scripts/Jaws-2.html
621,Jay and Silent Bob Strike Back,https://imsdb.com/scripts/Jay-and-Silent-Bob-Strike-Back.html
622,Jennifer Eight,https://imsdb.com/scripts/Jennifer-Eight.html
623,Jennifer's Body,https://imsdb.com/scripts/Jennifer's-Body.html
624,Jerry Maguire,https://imsdb.com/scripts/Jerry-Maguire.html
625,Jeux Interdits,https://imsdb.com/scripts/Jeux-Interdits.html
626,JFK,https://imsdb.com/scripts/JFK.html
627,Jimmy and Judy,https://imsdb.com/scripts/Jimmy-and-Judy.html
628,John Q,https://imsdb.com/scripts/John-Q.html
629,John Wick,https://imsdb.com/scripts/John-Wick.html
630,Joker,https://imsdb.com/scripts/Joker.html
631,Judge Dredd,https://imsdb.com/scripts/Judge-Dredd.html
632,Juno,https://imsdb.com/scripts/Juno.html
633,Jurassic Park,https://imsdb.com/scripts/Jurassic-Park.html
634,Jurassic Park III,https://imsdb.com/scripts/Jurassic-Park-III.html
635,Jurassic Park: The Lost World,https://imsdb.com/scripts/Jurassic-Park:-The-Lost-World.html
636,Kafka,https://imsdb.com/scripts/Kafka.html
637,Kalifornia,https://imsdb.com/scripts/Kalifornia.html
638,Kate & Leopold,https://imsdb.com/scripts/Kate-&-Leopold.html
639,Kids,https://imsdb.com/scripts/Kids.html
640,"Kids Are All Right, The","https://imsdb.com/scripts/Kids-Are-All-Right,-The.html"
641,Kill Bill Volume 1 & 2,https://imsdb.com/scripts/Kill-Bill-Volume-1-&-2.html
642,Kill Your Darlings,https://imsdb.com/scripts/Kill-Your-Darlings.html
643,Killing Zoe,https://imsdb.com/scripts/Killing-Zoe.html
644,King Kong,https://imsdb.com/scripts/King-Kong.html
645,"King of Comedy, The","https://imsdb.com/scripts/King-of-Comedy,-The.html"
646,"King's Speech, The","https://imsdb.com/scripts/King's-Speech,-The.html"
647,"Kingdom, The","https://imsdb.com/scripts/Kingdom,-The.html"
648,Kiss of the Spider Woman,https://imsdb.com/scripts/Kiss-of-the-Spider-Woman.html
649,Klute,https://imsdb.com/scripts/Klute.html
650,Knocked Up,https://imsdb.com/scripts/Knocked-Up.html
651,Kramer vs Kramer,https://imsdb.com/scripts/Kramer-vs-Kramer.html
652,Kundun,https://imsdb.com/scripts/Kundun.html
653,Kung Fu Panda,https://imsdb.com/scripts/Kung-Fu-Panda.html
654,L.A. Confidential,https://imsdb.com/scripts/L.A.-Confidential.html
655,La La Land,https://imsdb.com/scripts/La-La-Land.html
656,Labor of Love,https://imsdb.com/scripts/Labor-of-Love.html
657,Labyrinth,https://imsdb.com/scripts/Labyrinth.html
658,"Ladykillers, The","https://imsdb.com/scripts/Ladykillers,-The.html"
659,Lake Placid,https://imsdb.com/scripts/Lake-Placid.html
660,Land of the Dead,https://imsdb.com/scripts/Land-of-the-Dead.html
661,Larry Crowne,https://imsdb.com/scripts/Larry-Crowne.html
662,"Last Boy Scout, The","https://imsdb.com/scripts/Last-Boy-Scout,-The.html"
663,Last Chance Harvey,https://imsdb.com/scripts/Last-Chance-Harvey.html
664,"Last Flight, The","https://imsdb.com/scripts/Last-Flight,-The.html"
665,"Last of the Mohicans, The","https://imsdb.com/scripts/Last-of-the-Mohicans,-The.html"
666,"Last Samurai, The","https://imsdb.com/scripts/Last-Samurai,-The.html"
667,"Last Station, The","https://imsdb.com/scripts/Last-Station,-The.html"
668,Last Tango in Paris,https://imsdb.com/scripts/Last-Tango-in-Paris.html
669,Law Abiding Citizen,https://imsdb.com/scripts/Law-Abiding-Citizen.html
670,Le Diable par la Queue,https://imsdb.com/scripts/Le-Diable-par-la-Queue.html
671,Leaving Las Vegas,https://imsdb.com/scripts/Leaving-Las-Vegas.html
672,Legally Blonde,https://imsdb.com/scripts/Legally-Blonde.html
673,Legend,https://imsdb.com/scripts/Legend.html
674,Legion,https://imsdb.com/scripts/Legion.html
675,"LEGO Movie, The","https://imsdb.com/scripts/LEGO-Movie,-The.html"
676,Les Miserables,https://imsdb.com/scripts/Les-Miserables.html
677,Les Tontons Flingueurs,https://imsdb.com/scripts/Les-Tontons-Flingueurs.html
678,Lethal Weapon,https://imsdb.com/scripts/Lethal-Weapon.html
679,Lethal Weapon 4,https://imsdb.com/scripts/Lethal-Weapon-4.html
680,Leviathan,https://imsdb.com/scripts/Leviathan.html
681,Liar Liar,https://imsdb.com/scripts/Liar-Liar.html
682,Life,https://imsdb.com/scripts/Life.html
683,Life As A House,https://imsdb.com/scripts/Life-As-A-House.html
684,"Life of David Gale, The","https://imsdb.com/scripts/Life-of-David-Gale,-The.html"
685,Life of Pi,https://imsdb.com/scripts/Life-of-Pi.html
686,Light Sleeper,https://imsdb.com/scripts/Light-Sleeper.html
687,"Limey, The","https://imsdb.com/scripts/Limey,-The.html"
688,Limitless,https://imsdb.com/scripts/Limitless.html
689,Lincoln,https://imsdb.com/scripts/Lincoln.html
690,"Lincoln Lawyer, The","https://imsdb.com/scripts/Lincoln-Lawyer,-The.html"
691,"Lion King, The","https://imsdb.com/scripts/Lion-King,-The.html"
692,Little Athens,https://imsdb.com/scripts/Little-Athens.html
693,Little Men,https://imsdb.com/scripts/Little-Men.html
694,"Little Mermaid, The","https://imsdb.com/scripts/Little-Mermaid,-The.html"
695,Little Nicky,https://imsdb.com/scripts/Little-Nicky.html
696,Living in Oblivion,https://imsdb.com/scripts/Living-in-Oblivion.html
697,"Lock, Stock and Two Smoking Barrels","https://imsdb.com/scripts/Lock,-Stock-and-Two-Smoking-Barrels.html"
698,Logan,https://imsdb.com/scripts/Logan.html
699,Logan's Run,https://imsdb.com/scripts/Logan's-Run.html
700,Lone Star,https://imsdb.com/scripts/Lone-Star.html
701,"Long Kiss Goodnight, The","https://imsdb.com/scripts/Long-Kiss-Goodnight,-The.html"
702,Looper,https://imsdb.com/scripts/Looper.html
703,Lord of Illusions,https://imsdb.com/scripts/Lord-of-Illusions.html
704,"Lord of the Rings: Fellowship of the Ring, The","https://imsdb.com/scripts/Lord-of-the-Rings:-Fellowship-of-the-Ring,-The.html"
705,Lord of the Rings: Return of the King,https://imsdb.com/scripts/Lord-of-the-Rings:-Return-of-the-King.html
706,Lord of the Rings: The Two Towers,https://imsdb.com/scripts/Lord-of-the-Rings:-The-Two-Towers.html
707,Lord of War,https://imsdb.com/scripts/Lord-of-War.html
708,"Losers, The","https://imsdb.com/scripts/Losers,-The.html"
709,Lost Highway,https://imsdb.com/scripts/Lost-Highway.html
710,Lost Horizon,https://imsdb.com/scripts/Lost-Horizon.html
711,Lost in Space,https://imsdb.com/scripts/Lost-in-Space.html
712,Lost in Translation,https://imsdb.com/scripts/Lost-in-Translation.html
713,Love and Basketball,https://imsdb.com/scripts/Love-and-Basketball.html
714,Machete,https://imsdb.com/scripts/Machete.html
715,Machine Gun Preacher,https://imsdb.com/scripts/Machine-Gun-Preacher.html
716,Mad Max 2: The Road Warrior,https://imsdb.com/scripts/Mad-Max-2:-The-Road-Warrior.html
717,Made,https://imsdb.com/scripts/Made.html
718,Magnolia,https://imsdb.com/scripts/Magnolia.html
719,"Majestic, The (The Bijou)","https://imsdb.com/scripts/Majestic,-The-(The-Bijou).html"
720,Major League,https://imsdb.com/scripts/Major-League.html
721,Malcolm X,https://imsdb.com/scripts/Malcolm-X.html
722,Malibu's Most Wanted,https://imsdb.com/scripts/Malibu's-Most-Wanted.html
723,Man in the Iron Mask,https://imsdb.com/scripts/Man-in-the-Iron-Mask.html
724,Man On Fire,https://imsdb.com/scripts/Man-On-Fire.html
725,Man on the Moon,https://imsdb.com/scripts/Man-on-the-Moon.html
726,Man Trouble,https://imsdb.com/scripts/Man-Trouble.html
727,"Man Who Knew Too Much, The","https://imsdb.com/scripts/Man-Who-Knew-Too-Much,-The.html"
728,"Man Who Wasn't There, The","https://imsdb.com/scripts/Man-Who-Wasn't-There,-The.html"
729,"Manchurian Candidate, The","https://imsdb.com/scripts/Manchurian-Candidate,-The.html"
730,Manhattan Murder Mystery,https://imsdb.com/scripts/Manhattan-Murder-Mystery.html
731,Manhunter,https://imsdb.com/scripts/Manhunter.html
732,Margaret,https://imsdb.com/scripts/Margaret.html
733,Margin Call,https://imsdb.com/scripts/Margin-Call.html
734,Margot at the Wedding,https://imsdb.com/scripts/Margot-at-the-Wedding.html
735,"Mariachi, El","https://imsdb.com/scripts/Mariachi,-El.html"
736,Marley & Me,https://imsdb.com/scripts/Marley-&-Me.html
737,Martha Marcy May Marlene,https://imsdb.com/scripts/Martha-Marcy-May-Marlene.html
738,"Martian, The","https://imsdb.com/scripts/Martian,-The.html"
739,Marty,https://imsdb.com/scripts/Marty.html
740,Mary Poppins,https://imsdb.com/scripts/Mary-Poppins.html
741,"Mask, The","https://imsdb.com/scripts/Mask,-The.html"
742,Master and Commander,https://imsdb.com/scripts/Master-and-Commander.html
743,"Master, The","https://imsdb.com/scripts/Master,-The.html"
744,Matchstick Men,https://imsdb.com/scripts/Matchstick-Men.html
745,"Matrix Reloaded, The","https://imsdb.com/scripts/Matrix-Reloaded,-The.html"
746,"Matrix, The","https://imsdb.com/scripts/Matrix,-The.html"
747,Max Payne,https://imsdb.com/scripts/Max-Payne.html
748,Mean Streets,https://imsdb.com/scripts/Mean-Streets.html
749,"Mechanic, The","https://imsdb.com/scripts/Mechanic,-The.html"
750,Meet Joe Black,https://imsdb.com/scripts/Meet-Joe-Black.html
751,Meet John Doe,https://imsdb.com/scripts/Meet-John-Doe.html
752,Megamind,https://imsdb.com/scripts/Megamind.html
753,Memento,https://imsdb.com/scripts/Memento.html
754,Men in Black,https://imsdb.com/scripts/Men-in-Black.html
755,Men in Black 3,https://imsdb.com/scripts/Men-in-Black-3.html
756,"Men Who Stare at Goats, The","https://imsdb.com/scripts/Men-Who-Stare-at-Goats,-The.html"
757,Metro,https://imsdb.com/scripts/Metro.html
758,Miami Vice,https://imsdb.com/scripts/Miami-Vice.html
759,Midnight Cowboy,https://imsdb.com/scripts/Midnight-Cowboy.html
760,Midnight Express,https://imsdb.com/scripts/Midnight-Express.html
761,Midnight in Paris,https://imsdb.com/scripts/Midnight-in-Paris.html
762,Mighty Joe Young,https://imsdb.com/scripts/Mighty-Joe-Young.html
763,Mighty Morphin Power Rangers: The Movie,https://imsdb.com/scripts/Mighty-Morphin-Power-Rangers:-The-Movie.html
764,Milk,https://imsdb.com/scripts/Milk.html
765,Miller's Crossing,https://imsdb.com/scripts/Miller's-Crossing.html
766,Mimic,https://imsdb.com/scripts/Mimic.html
767,Mini's First Time,https://imsdb.com/scripts/Mini's-First-Time.html
768,Minority Report,https://imsdb.com/scripts/Minority-Report.html
769,"Miracle Worker, The","https://imsdb.com/scripts/Miracle-Worker,-The.html"
770,Mirrors,https://imsdb.com/scripts/Mirrors.html
771,Misery,https://imsdb.com/scripts/Misery.html
772,Mission Impossible,https://imsdb.com/scripts/Mission-Impossible.html
773,Mission Impossible II,https://imsdb.com/scripts/Mission-Impossible-II.html
774,Mission to Mars,https://imsdb.com/scripts/Mission-to-Mars.html
775,Moneyball,https://imsdb.com/scripts/Moneyball.html
776,Monkeybone,https://imsdb.com/scripts/Monkeybone.html
777,Monster's Ball,https://imsdb.com/scripts/Monster's-Ball.html
778,Monte Carlo,https://imsdb.com/scripts/Monte-Carlo.html
779,Moon,https://imsdb.com/scripts/Moon.html
780,Moonrise Kingdom,https://imsdb.com/scripts/Moonrise-Kingdom.html
781,Moonstruck,https://imsdb.com/scripts/Moonstruck.html
782,Mr Blandings Builds His Dream House,https://imsdb.com/scripts/Mr-Blandings-Builds-His-Dream-House.html
783,Mr Brooks,https://imsdb.com/scripts/Mr-Brooks.html
784,Mr Deeds Goes to Town,https://imsdb.com/scripts/Mr-Deeds-Goes-to-Town.html
785,Mr. Holland's Opus,https://imsdb.com/scripts/Mr.-Holland's-Opus.html
786,Mrs. Brown,https://imsdb.com/scripts/Mrs.-Brown.html
787,Mud,https://imsdb.com/scripts/Mud.html
788,Mulan,https://imsdb.com/scripts/Mulan.html
789,Mulholland Drive,https://imsdb.com/scripts/Mulholland-Drive.html
790,Mumford,https://imsdb.com/scripts/Mumford.html
791,"Mummy, The","https://imsdb.com/scripts/Mummy,-The.html"
792,Music of the Heart,https://imsdb.com/scripts/Music-of-the-Heart.html
793,Mute Witness,https://imsdb.com/scripts/Mute-Witness.html
794,My Best Friend's Wedding,https://imsdb.com/scripts/My-Best-Friend's-Wedding.html
795,My Girl,https://imsdb.com/scripts/My-Girl.html
796,My Mother Dreams the Satan's Disciples in New York,https://imsdb.com/scripts/My-Mother-Dreams-the-Satan's-Disciples-in-New-York.html
797,My Week with Marilyn,https://imsdb.com/scripts/My-Week-with-Marilyn.html
798,Mystery Men,https://imsdb.com/scripts/Mystery-Men.html
799,Napoleon Dynamite,https://imsdb.com/scripts/Napoleon-Dynamite.html
800,Nashville,https://imsdb.com/scripts/Nashville.html
801,Natural Born Killers,https://imsdb.com/scripts/Natural-Born-Killers.html
802,Never Been Kissed,https://imsdb.com/scripts/Never-Been-Kissed.html
803,"Neverending Story, The","https://imsdb.com/scripts/Neverending-Story,-The.html"
804,New York Minute,https://imsdb.com/scripts/New-York-Minute.html
805,Newsies,https://imsdb.com/scripts/Newsies.html
806,Next,https://imsdb.com/scripts/Next.html
807,Next Friday,https://imsdb.com/scripts/Next-Friday.html
808,"Next Three Days, The","https://imsdb.com/scripts/Next-Three-Days,-The.html"
809,Ni vu ni connu,https://imsdb.com/scripts/Ni-vu-ni-connu.html
810,Nick of Time,https://imsdb.com/scripts/Nick-of-Time.html
811,Night Time (The Poltergeist Treatment),https://imsdb.com/scripts/Night-Time-(The-Poltergeist-Treatment).html
812,Nightbreed,https://imsdb.com/scripts/Nightbreed.html
813,"Nightmare Before Christmas, The","https://imsdb.com/scripts/Nightmare-Before-Christmas,-The.html"
814,"Nightmare Before Christmas, The","https://imsdb.com/scripts/Nightmare-Before-Christmas,-The.html"
815,"Nightmare on Elm Street, A","https://imsdb.com/scripts/Nightmare-on-Elm-Street,-A.html"
816,Nightmare on Elm Street: The Final Chapter,https://imsdb.com/scripts/Nightmare-on-Elm-Street:-The-Final-Chapter.html
817,Nine,https://imsdb.com/scripts/Nine.html
818,"Nines, The","https://imsdb.com/scripts/Nines,-The.html"
819,Ninja Assassin,https://imsdb.com/scripts/Ninja-Assassin.html
820,Ninotchka,https://imsdb.com/scripts/Ninotchka.html
821,"Ninth Gate, The","https://imsdb.com/scripts/Ninth-Gate,-The.html"
822,No Country for Old Men,https://imsdb.com/scripts/No-Country-for-Old-Men.html
823,No Strings Attached,https://imsdb.com/scripts/No-Strings-Attached.html
824,Notting Hill,https://imsdb.com/scripts/Notting-Hill.html
825,Nurse Betty,https://imsdb.com/scripts/Nurse-Betty.html
826,O Brother Where Art Thou?,https://imsdb.com/scripts/O-Brother-Where-Art-Thou?.html
827,Oblivion,https://imsdb.com/scripts/Oblivion.html
828,Observe and Report,https://imsdb.com/scripts/Observe-and-Report.html
829,Obsessed,https://imsdb.com/scripts/Obsessed.html
830,Ocean's Eleven,https://imsdb.com/scripts/Ocean's-Eleven.html
831,Ocean's Twelve,https://imsdb.com/scripts/Ocean's-Twelve.html
832,Office Space,https://imsdb.com/scripts/Office-Space.html
833,"Officer and a Gentleman, An","https://imsdb.com/scripts/Officer-and-a-Gentleman,-An.html"
834,Omega Man,https://imsdb.com/scripts/Omega-Man.html
835,One Flew Over the Cuckoo's Nest,https://imsdb.com/scripts/One-Flew-Over-the-Cuckoo's-Nest.html
836,Only God Forgives,https://imsdb.com/scripts/Only-God-Forgives.html
837,Ordinary People,https://imsdb.com/scripts/Ordinary-People.html
838,Orgy of the Dead,https://imsdb.com/scripts/Orgy-of-the-Dead.html
839,Orphan,https://imsdb.com/scripts/Orphan.html
840,"Other Boleyn Girl, The","https://imsdb.com/scripts/Other-Boleyn-Girl,-The.html"
841,Out of Sight,https://imsdb.com/scripts/Out-of-Sight.html
842,Outbreak,https://imsdb.com/scripts/Outbreak.html
843,"Pacifier, The","https://imsdb.com/scripts/Pacifier,-The.html"
844,Pandorum,https://imsdb.com/scripts/Pandorum.html
845,Panic Room,https://imsdb.com/scripts/Panic-Room.html
846,Papadopoulos & Sons,https://imsdb.com/scripts/Papadopoulos-&-Sons.html
847,ParaNorman,https://imsdb.com/scripts/ParaNorman.html
848,Pariah,https://imsdb.com/scripts/Pariah.html
849,Passengers,https://imsdb.com/scripts/Passengers.html
850,"Passion of Joan of Arc, The","https://imsdb.com/scripts/Passion-of-Joan-of-Arc,-The.html"
851,"Patriot, The","https://imsdb.com/scripts/Patriot,-The.html"
852,Paul,https://imsdb.com/scripts/Paul.html
853,Pearl Harbor,https://imsdb.com/scripts/Pearl-Harbor.html
854,Peeping Tom,https://imsdb.com/scripts/Peeping-Tom.html
855,Peggy Sue Got Married,https://imsdb.com/scripts/Peggy-Sue-Got-Married.html
856,Perfect Creature,https://imsdb.com/scripts/Perfect-Creature.html
857,"Perfect World, A","https://imsdb.com/scripts/Perfect-World,-A.html"
858,"Perks of Being a Wallflower, The","https://imsdb.com/scripts/Perks-of-Being-a-Wallflower,-The.html"
859,Pet Sematary,https://imsdb.com/scripts/Pet-Sematary.html
860,Pet Sematary II,https://imsdb.com/scripts/Pet-Sematary-II.html
861,Petulia,https://imsdb.com/scripts/Petulia.html
862,Philadelphia,https://imsdb.com/scripts/Philadelphia.html
863,Phone Booth,https://imsdb.com/scripts/Phone-Booth.html
864,Pi,https://imsdb.com/scripts/Pi.html
865,"Pianist, The","https://imsdb.com/scripts/Pianist,-The.html"
866,"Piano, The","https://imsdb.com/scripts/Piano,-The.html"
867,Pineapple Express,https://imsdb.com/scripts/Pineapple-Express.html
868,Pirates of the Caribbean,https://imsdb.com/scripts/Pirates-of-the-Caribbean.html
869,Pirates of the Caribbean: Dead Man's Chest,https://imsdb.com/scripts/Pirates-of-the-Caribbean:-Dead-Man's-Chest.html
870,Pitch Black,https://imsdb.com/scripts/Pitch-Black.html
871,"Planet of the Apes, The","https://imsdb.com/scripts/Planet-of-the-Apes,-The.html"
872,Platinum Blonde,https://imsdb.com/scripts/Platinum-Blonde.html
873,Platoon,https://imsdb.com/scripts/Platoon.html
874,Pleasantville,https://imsdb.com/scripts/Pleasantville.html
875,Point Break,https://imsdb.com/scripts/Point-Break.html
876,Pokemon: Mewtwo Returns,https://imsdb.com/scripts/Pokemon:-Mewtwo-Returns.html
877,"Postman, The","https://imsdb.com/scripts/Postman,-The.html"
878,"Power of One, The","https://imsdb.com/scripts/Power-of-One,-The.html"
879,Precious,https://imsdb.com/scripts/Precious.html
880,Predator,https://imsdb.com/scripts/Predator.html
881,"Prestige, The","https://imsdb.com/scripts/Prestige,-The.html"
882,Pretty Woman,https://imsdb.com/scripts/Pretty-Woman.html
883,Pretty Woman (final script),https://imsdb.com/scripts/Pretty-Woman-(final-script).html
884,Pride and Prejudice,https://imsdb.com/scripts/Pride-and-Prejudice.html
885,Priest,https://imsdb.com/scripts/Priest.html
886,"Princess Bride, The","https://imsdb.com/scripts/Princess-Bride,-The.html"
887,"Private Life of Sherlock Holmes, The","https://imsdb.com/scripts/Private-Life-of-Sherlock-Holmes,-The.html"
888,"Producer, The","https://imsdb.com/scripts/Producer,-The.html"
889,"Program, The","https://imsdb.com/scripts/Program,-The.html"
890,Prom Night,https://imsdb.com/scripts/Prom-Night.html
891,Prometheus,https://imsdb.com/scripts/Prometheus.html
892,"Prophecy, The","https://imsdb.com/scripts/Prophecy,-The.html"
893,"Proposal, The","https://imsdb.com/scripts/Proposal,-The.html"
894,Psycho,https://imsdb.com/scripts/Psycho.html
895,Public Enemies,https://imsdb.com/scripts/Public-Enemies.html
896,Pulp Fiction,https://imsdb.com/scripts/Pulp-Fiction.html
897,Punch-Drunk Love,https://imsdb.com/scripts/Punch-Drunk-Love.html
898,Purple Rain,https://imsdb.com/scripts/Purple-Rain.html
899,Quantum Project,https://imsdb.com/scripts/Quantum-Project.html
900,Queen of the Damned,https://imsdb.com/scripts/Queen-of-the-Damned.html
901,"Queen, The","https://imsdb.com/scripts/Queen,-The.html"
902,Rachel Getting Married,https://imsdb.com/scripts/Rachel-Getting-Married.html
903,Raging Bull,https://imsdb.com/scripts/Raging-Bull.html
904,Raising Arizona,https://imsdb.com/scripts/Raising-Arizona.html
905,Rambling Rose,https://imsdb.com/scripts/Rambling-Rose.html
906,Rambo: First Blood II: The Mission,https://imsdb.com/scripts/Rambo:-First-Blood-II:-The-Mission.html
907,"Reader, The","https://imsdb.com/scripts/Reader,-The.html"
908,Real Genius,https://imsdb.com/scripts/Real-Genius.html
909,Rear Window,https://imsdb.com/scripts/Rear-Window.html
910,Rebel Without A Cause,https://imsdb.com/scripts/Rebel-Without-A-Cause.html
911,Red Planet,https://imsdb.com/scripts/Red-Planet.html
912,Red Riding Hood,https://imsdb.com/scripts/Red-Riding-Hood.html
913,Reindeer Games,https://imsdb.com/scripts/Reindeer-Games.html
914,"Relic, The","https://imsdb.com/scripts/Relic,-The.html"
915,Remember Me,https://imsdb.com/scripts/Remember-Me.html
916,"Replacements, The","https://imsdb.com/scripts/Replacements,-The.html"
917,Repo Man,https://imsdb.com/scripts/Repo-Man.html
918,"Rescuers Down Under, The","https://imsdb.com/scripts/Rescuers-Down-Under,-The.html"
919,Reservoir Dogs,https://imsdb.com/scripts/Reservoir-Dogs.html
920,Resident Evil,https://imsdb.com/scripts/Resident-Evil.html
921,Return of the Apes,https://imsdb.com/scripts/Return-of-the-Apes.html
922,"Revenant, The","https://imsdb.com/scripts/Revenant,-The.html"
923,Revolutionary Road,https://imsdb.com/scripts/Revolutionary-Road.html
924,Ringu,https://imsdb.com/scripts/Ringu.html
925,Rise of the Guardians,https://imsdb.com/scripts/Rise-of-the-Guardians.html
926,Rise of the Planet of the Apes,https://imsdb.com/scripts/Rise-of-the-Planet-of-the-Apes.html
927,RKO 281,https://imsdb.com/scripts/RKO-281.html
928,"Road, The","https://imsdb.com/scripts/Road,-The.html"
929,Robin Hood: Prince of Thieves,https://imsdb.com/scripts/Robin-Hood:-Prince-of-Thieves.html
930,Robocop,https://imsdb.com/scripts/Robocop.html
931,"Rock, The","https://imsdb.com/scripts/Rock,-The.html"
932,RocknRolla,https://imsdb.com/scripts/RocknRolla.html
933,Rocky,https://imsdb.com/scripts/Rocky.html
934,"Rocky Horror Picture Show, The","https://imsdb.com/scripts/Rocky-Horror-Picture-Show,-The.html"
935,Romeo & Juliet,https://imsdb.com/scripts/Romeo-&-Juliet.html
936,Ronin,https://imsdb.com/scripts/Ronin.html
937,Room,https://imsdb.com/scripts/Room.html
938,"Roommate, The","https://imsdb.com/scripts/Roommate,-The.html"
939,Roughshod,https://imsdb.com/scripts/Roughshod.html
940,"Ruins, The","https://imsdb.com/scripts/Ruins,-The.html"
941,Runaway Bride,https://imsdb.com/scripts/Runaway-Bride.html
942,Rush,https://imsdb.com/scripts/Rush.html
943,Rush Hour,https://imsdb.com/scripts/Rush-Hour.html
944,Rush Hour 2,https://imsdb.com/scripts/Rush-Hour-2.html
945,Rushmore,https://imsdb.com/scripts/Rushmore.html
946,Rust and Bone,https://imsdb.com/scripts/Rust-and-Bone.html
947,S. Darko,https://imsdb.com/scripts/S.-Darko.html
948,"Saint, The","https://imsdb.com/scripts/Saint,-The.html"
949,"Salton Sea, The","https://imsdb.com/scripts/Salton-Sea,-The.html"
950,"Sandlot Kids, The","https://imsdb.com/scripts/Sandlot-Kids,-The.html"
951,Save the Last Dance,https://imsdb.com/scripts/Save-the-Last-Dance.html
952,Saving Mr. Banks,https://imsdb.com/scripts/Saving-Mr.-Banks.html
953,Saving Private Ryan,https://imsdb.com/scripts/Saving-Private-Ryan.html
954,Saw,https://imsdb.com/scripts/Saw.html
955,Scarface,https://imsdb.com/scripts/Scarface.html
956,Scary Movie 2,https://imsdb.com/scripts/Scary-Movie-2.html
957,Schindler's List,https://imsdb.com/scripts/Schindler's-List.html
958,Scott Pilgrim vs the World,https://imsdb.com/scripts/Scott-Pilgrim-vs-the-World.html
959,Scream,https://imsdb.com/scripts/Scream.html
960,Scream 2,https://imsdb.com/scripts/Scream-2.html
961,Scream 3,https://imsdb.com/scripts/Scream-3.html
962,Se7en,https://imsdb.com/scripts/Se7en.html
963,"Searchers, The","https://imsdb.com/scripts/Searchers,-The.html"
964,"Secret Life of Walter Mitty, The","https://imsdb.com/scripts/Secret-Life-of-Walter-Mitty,-The.html"
965,Semi-Pro,https://imsdb.com/scripts/Semi-Pro.html
966,Sense and Sensibility,https://imsdb.com/scripts/Sense-and-Sensibility.html
967,Serenity,https://imsdb.com/scripts/Serenity.html
968,Serial Mom,https://imsdb.com/scripts/Serial-Mom.html
969,"Sessions, The","https://imsdb.com/scripts/Sessions,-The.html"
970,"Seventh Seal, The","https://imsdb.com/scripts/Seventh-Seal,-The.html"
971,Sex and the City,https://imsdb.com/scripts/Sex-and-the-City.html
972,"Sex, Lies and Videotape","https://imsdb.com/scripts/Sex,-Lies-and-Videotape.html"
973,Sexual Life,https://imsdb.com/scripts/Sexual-Life.html
974,Shadow of the Vampire,https://imsdb.com/scripts/Shadow-of-the-Vampire.html
975,Shakespeare in Love,https://imsdb.com/scripts/Shakespeare-in-Love.html
976,Shallow Grave,https://imsdb.com/scripts/Shallow-Grave.html
977,Shame,https://imsdb.com/scripts/Shame.html
978,Shampoo,https://imsdb.com/scripts/Shampoo.html
979,"Shawshank Redemption, The","https://imsdb.com/scripts/Shawshank-Redemption,-The.html"
980,She's Out of My League,https://imsdb.com/scripts/She's-Out-of-My-League.html
981,Sherlock Holmes,https://imsdb.com/scripts/Sherlock-Holmes.html
982,Shifty,https://imsdb.com/scripts/Shifty.html
983,"Shining, The","https://imsdb.com/scripts/Shining,-The.html"
984,"Shipping News, The","https://imsdb.com/scripts/Shipping-News,-The.html"
985,Shivers,https://imsdb.com/scripts/Shivers.html
986,Shrek,https://imsdb.com/scripts/Shrek.html
987,Shrek the Third,https://imsdb.com/scripts/Shrek-the-Third.html
988,Sicario,https://imsdb.com/scripts/Sicario.html
989,Sideways,https://imsdb.com/scripts/Sideways.html
990,"Siege, The","https://imsdb.com/scripts/Siege,-The.html"
991,Signs,https://imsdb.com/scripts/Signs.html
992,Silence of the Lambs,https://imsdb.com/scripts/Silence-of-the-Lambs.html
993,Silver Bullet,https://imsdb.com/scripts/Silver-Bullet.html
994,Silver Linings Playbook,https://imsdb.com/scripts/Silver-Linings-Playbook.html
995,Simone,https://imsdb.com/scripts/Simone.html
996,Single White Female,https://imsdb.com/scripts/Single-White-Female.html
997,Sister Act,https://imsdb.com/scripts/Sister-Act.html
998,Six Degrees of Separation,https://imsdb.com/scripts/Six-Degrees-of-Separation.html
999,"Sixth Sense, The","https://imsdb.com/scripts/Sixth-Sense,-The.html"
1000,Sleepless in Seattle,https://imsdb.com/scripts/Sleepless-in-Seattle.html
1001,Sleepy Hollow,https://imsdb.com/scripts/Sleepy-Hollow.html
1002,Sling Blade,https://imsdb.com/scripts/Sling-Blade.html
1003,Slither,https://imsdb.com/scripts/Slither.html
1004,Slumdog Millionaire,https://imsdb.com/scripts/Slumdog-Millionaire.html
1005,Smashed,https://imsdb.com/scripts/Smashed.html
1006,Smokin' Aces,https://imsdb.com/scripts/Smokin'-Aces.html
1007,Snatch,https://imsdb.com/scripts/Snatch.html
1008,Sneakers,https://imsdb.com/scripts/Sneakers.html
1009,Snow Falling On Cedars,https://imsdb.com/scripts/Snow-Falling-On-Cedars.html
1010,Snow White and the Huntsman,https://imsdb.com/scripts/Snow-White-and-the-Huntsman.html
1011,So I Married an Axe Murderer,https://imsdb.com/scripts/So-I-Married-an-Axe-Murderer.html
1012,"Social Network, The","https://imsdb.com/scripts/Social-Network,-The.html"
1013,Solaris,https://imsdb.com/scripts/Solaris.html
1014,Soldier,https://imsdb.com/scripts/Soldier.html
1015,Someone To Watch Over Me,https://imsdb.com/scripts/Someone-To-Watch-Over-Me.html
1016,Something's Gotta Give,https://imsdb.com/scripts/Something's-Gotta-Give.html
1017,Source Code,https://imsdb.com/scripts/Source-Code.html
1018,South Park,https://imsdb.com/scripts/South-Park.html
1019,Space Milkshake,https://imsdb.com/scripts/Space-Milkshake.html
1020,Spanglish,https://imsdb.com/scripts/Spanglish.html
1021,Spare Me,https://imsdb.com/scripts/Spare-Me.html
1022,Spartan,https://imsdb.com/scripts/Spartan.html
1023,Speed,https://imsdb.com/scripts/Speed.html
1024,Speed Racer,https://imsdb.com/scripts/Speed-Racer.html
1025,Sphere,https://imsdb.com/scripts/Sphere.html
1026,Spider-Man,https://imsdb.com/scripts/Spider-Man.html
1027,St. Elmo's Fire,https://imsdb.com/scripts/St.-Elmo's-Fire.html
1028,Star Trek,https://imsdb.com/scripts/Star-Trek.html
1029,Star Trek II: The Wrath of Khan,https://imsdb.com/scripts/Star-Trek-II:-The-Wrath-of-Khan.html
1030,Star Trek: First Contact,https://imsdb.com/scripts/Star-Trek:-First-Contact.html
1031,Star Trek: Generations,https://imsdb.com/scripts/Star-Trek:-Generations.html
1032,Star Trek: Nemesis,https://imsdb.com/scripts/Star-Trek:-Nemesis.html
1033,Star Trek: The Motion Picture,https://imsdb.com/scripts/Star-Trek:-The-Motion-Picture.html
1034,Star Wars: A New Hope,https://imsdb.com/scripts/Star-Wars:-A-New-Hope.html
1035,Star Wars: Attack of the Clones,https://imsdb.com/scripts/Star-Wars:-Attack-of-the-Clones.html
1036,Star Wars: Return of the Jedi,https://imsdb.com/scripts/Star-Wars:-Return-of-the-Jedi.html
1037,Star Wars: Revenge of the Sith,https://imsdb.com/scripts/Star-Wars:-Revenge-of-the-Sith.html
1038,Star Wars: The Empire Strikes Back,https://imsdb.com/scripts/Star-Wars:-The-Empire-Strikes-Back.html
1039,Star Wars: The Force Awakens,https://imsdb.com/scripts/Star-Wars:-The-Force-Awakens.html
1040,Star Wars: The Phantom Menace,https://imsdb.com/scripts/Star-Wars:-The-Phantom-Menace.html
1041,Starman,https://imsdb.com/scripts/Starman.html
1042,Starship Troopers,https://imsdb.com/scripts/Starship-Troopers.html
1043,State and Main,https://imsdb.com/scripts/State-and-Main.html
1044,Station West,https://imsdb.com/scripts/Station-West.html
1045,Stepmom,https://imsdb.com/scripts/Stepmom.html
1046,"Sting, The","https://imsdb.com/scripts/Sting,-The.html"
1047,Stir of Echoes,https://imsdb.com/scripts/Stir-of-Echoes.html
1048,Storytelling,https://imsdb.com/scripts/Storytelling.html
1049,Straight Outta Compton,https://imsdb.com/scripts/Straight-Outta-Compton.html
1050,Strange Days,https://imsdb.com/scripts/Strange-Days.html
1051,Strangers on a Train,https://imsdb.com/scripts/Strangers-on-a-Train.html
1052,"Stuntman, The","https://imsdb.com/scripts/Stuntman,-The.html"
1053,Sugar,https://imsdb.com/scripts/Sugar.html
1054,Sugar and Spice,https://imsdb.com/scripts/Sugar-and-Spice.html
1055,Sunset Blvd.,https://imsdb.com/scripts/Sunset-Blvd..html
1056,Sunshine Cleaning,https://imsdb.com/scripts/Sunshine-Cleaning.html
1057,Super 8,https://imsdb.com/scripts/Super-8.html
1058,Superbad,https://imsdb.com/scripts/Superbad.html
1059,Superfights,https://imsdb.com/scripts/Superfights.html
1060,Supergirl,https://imsdb.com/scripts/Supergirl.html
1061,"Surfer King, The","https://imsdb.com/scripts/Surfer-King,-The.html"
1062,Surrogates,https://imsdb.com/scripts/Surrogates.html
1063,Suspect Zero,https://imsdb.com/scripts/Suspect-Zero.html
1064,Sweeney Todd: The Demon Barber of Fleet Street,https://imsdb.com/scripts/Sweeney-Todd:-The-Demon-Barber-of-Fleet-Street.html
1065,"Sweet Hereafter, The","https://imsdb.com/scripts/Sweet-Hereafter,-The.html"
1066,Sweet Smell of Success,https://imsdb.com/scripts/Sweet-Smell-of-Success.html
1067,Swingers,https://imsdb.com/scripts/Swingers.html
1068,Swordfish,https://imsdb.com/scripts/Swordfish.html
1069,"Synecdoche, New York","https://imsdb.com/scripts/Synecdoche,-New-York.html"
1070,Syriana,https://imsdb.com/scripts/Syriana.html
1071,Take Shelter,https://imsdb.com/scripts/Take-Shelter.html
1072,Taking Lives,https://imsdb.com/scripts/Taking-Lives.html
1073,"Taking of Pelham One Two Three, The","https://imsdb.com/scripts/Taking-of-Pelham-One-Two-Three,-The.html"
1074,Taking Sides,https://imsdb.com/scripts/Taking-Sides.html
1075,"Talented Mr. Ripley, The","https://imsdb.com/scripts/Talented-Mr.-Ripley,-The.html"
1076,Tall in the Saddle,https://imsdb.com/scripts/Tall-in-the-Saddle.html
1077,Tamara Drewe,https://imsdb.com/scripts/Tamara-Drewe.html
1078,Taxi Driver,https://imsdb.com/scripts/Taxi-Driver.html
1079,Ted,https://imsdb.com/scripts/Ted.html
1080,Terminator,https://imsdb.com/scripts/Terminator.html
1081,Terminator 2: Judgement Day,https://imsdb.com/scripts/Terminator-2:-Judgement-Day.html
1082,Terminator Salvation,https://imsdb.com/scripts/Terminator-Salvation.html
1083,The Rage: Carrie 2,https://imsdb.com/scripts/The-Rage:-Carrie-2.html
1084,Thelma & Louise,https://imsdb.com/scripts/Thelma-&-Louise.html
1085,"Theory of Everything, The","https://imsdb.com/scripts/Theory-of-Everything,-The.html"
1086,There's Something About Mary,https://imsdb.com/scripts/There's-Something-About-Mary.html
1087,They,https://imsdb.com/scripts/They.html
1088,"Thing, The","https://imsdb.com/scripts/Thing,-The.html"
1089,"Things My Father Never Taught Me, The","https://imsdb.com/scripts/Things-My-Father-Never-Taught-Me,-The.html"
1090,Thirteen Days,https://imsdb.com/scripts/Thirteen-Days.html
1091,This Boy's Life,https://imsdb.com/scripts/This-Boy's-Life.html
1092,This is 40,https://imsdb.com/scripts/This-is-40.html
1093,Thor,https://imsdb.com/scripts/Thor.html
1094,Thor Ragnarok,https://imsdb.com/scripts/Thor-Ragnarok.html
1095,Three Kings,https://imsdb.com/scripts/Three-Kings.html
1096,Three Kings (Spoils of War),https://imsdb.com/scripts/Three-Kings-(Spoils-of-War).html
1097,Three Men and a Baby,https://imsdb.com/scripts/Three-Men-and-a-Baby.html
1098,"Three Musketeers, The","https://imsdb.com/scripts/Three-Musketeers,-The.html"
1099,Thunderbirds,https://imsdb.com/scripts/Thunderbirds.html
1100,Thunderheart,https://imsdb.com/scripts/Thunderheart.html
1101,Ticker,https://imsdb.com/scripts/Ticker.html
1102,Timber Falls,https://imsdb.com/scripts/Timber-Falls.html
1103,"Time Machine, The","https://imsdb.com/scripts/Time-Machine,-The.html"
1104,Tin Cup,https://imsdb.com/scripts/Tin-Cup.html
1105,Tin Men,https://imsdb.com/scripts/Tin-Men.html
1106,Tinker Tailor Soldier Spy,https://imsdb.com/scripts/Tinker-Tailor-Soldier-Spy.html
1107,Titanic,https://imsdb.com/scripts/Titanic.html
1108,TMNT,https://imsdb.com/scripts/TMNT.html
1109,To Sleep with Anger,https://imsdb.com/scripts/To-Sleep-with-Anger.html
1110,Tombstone,https://imsdb.com/scripts/Tombstone.html
1111,Tomorrow Never Dies,https://imsdb.com/scripts/Tomorrow-Never-Dies.html
1112,Top Gun,https://imsdb.com/scripts/Top-Gun.html
1113,Total Recall,https://imsdb.com/scripts/Total-Recall.html
1114,"Tourist, The","https://imsdb.com/scripts/Tourist,-The.html"
1115,Toy Story,https://imsdb.com/scripts/Toy-Story.html
1116,Traffic,https://imsdb.com/scripts/Traffic.html
1117,Training Day,https://imsdb.com/scripts/Training-Day.html
1118,Trainspotting,https://imsdb.com/scripts/Trainspotting.html
1119,Transformers: The Movie,https://imsdb.com/scripts/Transformers:-The-Movie.html
1120,Tremors,https://imsdb.com/scripts/Tremors.html
1121,Tristan and Isolde,https://imsdb.com/scripts/Tristan-and-Isolde.html
1122,TRON,https://imsdb.com/scripts/TRON.html
1123,TRON: Legacy,https://imsdb.com/scripts/TRON:-Legacy.html
1124,Tropic Thunder,https://imsdb.com/scripts/Tropic-Thunder.html
1125,Troy,https://imsdb.com/scripts/Troy.html
1126,True Grit,https://imsdb.com/scripts/True-Grit.html
1127,True Lies,https://imsdb.com/scripts/True-Lies.html
1128,True Romance,https://imsdb.com/scripts/True-Romance.html
1129,"Truman Show, The","https://imsdb.com/scripts/Truman-Show,-The.html"
1130,Twilight,https://imsdb.com/scripts/Twilight.html
1131,Twilight: New Moon,https://imsdb.com/scripts/Twilight:-New-Moon.html
1132,Twin Peaks,https://imsdb.com/scripts/Twin-Peaks.html
1133,Twins,https://imsdb.com/scripts/Twins.html
1134,Two For The Money,https://imsdb.com/scripts/Two-For-The-Money.html
1135,U Turn,https://imsdb.com/scripts/U-Turn.html
1136,"Ugly Truth, The","https://imsdb.com/scripts/Ugly-Truth,-The.html"
1137,Un Singe en Hiver,https://imsdb.com/scripts/Un-Singe-en-Hiver.html
1138,Unbreakable,https://imsdb.com/scripts/Unbreakable.html
1139,Under Fire,https://imsdb.com/scripts/Under-Fire.html
1140,Unforgiven,https://imsdb.com/scripts/Unforgiven.html
1141,Unknown,https://imsdb.com/scripts/Unknown.html
1142,Up,https://imsdb.com/scripts/Up.html
1143,Up in the Air,https://imsdb.com/scripts/Up-in-the-Air.html
1144,"Usual Suspects, The","https://imsdb.com/scripts/Usual-Suspects,-The.html"
1145,V for Vendetta,https://imsdb.com/scripts/V-for-Vendetta.html
1146,Valentine's Day,https://imsdb.com/scripts/Valentine's-Day.html
1147,Valkyrie,https://imsdb.com/scripts/Valkyrie.html
1148,Vanilla Sky,https://imsdb.com/scripts/Vanilla-Sky.html
1149,"Verdict, The","https://imsdb.com/scripts/Verdict,-The.html"
1150,Vertigo,https://imsdb.com/scripts/Vertigo.html
1151,Very Bad Things,https://imsdb.com/scripts/Very-Bad-Things.html
1152,"Village, The","https://imsdb.com/scripts/Village,-The.html"
1153,Virtuosity,https://imsdb.com/scripts/Virtuosity.html
1154,"Visitor, The","https://imsdb.com/scripts/Visitor,-The.html"
1155,Wag the Dog,https://imsdb.com/scripts/Wag-the-Dog.html
1156,"Walk to Remember, A","https://imsdb.com/scripts/Walk-to-Remember,-A.html"
1157,Walking Tall,https://imsdb.com/scripts/Walking-Tall.html
1158,Wall Street,https://imsdb.com/scripts/Wall-Street.html
1159,Wall Street: Money Never Sleeps,https://imsdb.com/scripts/Wall-Street:-Money-Never-Sleeps.html
1160,Wall-E,https://imsdb.com/scripts/Wall-E.html
1161,Wanted,https://imsdb.com/scripts/Wanted.html
1162,War for the Planet of the Apes,https://imsdb.com/scripts/War-for-the-Planet-of-the-Apes.html
1163,War Horse,https://imsdb.com/scripts/War-Horse.html
1164,War of the Worlds,https://imsdb.com/scripts/War-of-the-Worlds.html
1165,Warm Springs,https://imsdb.com/scripts/Warm-Springs.html
1166,Warrior,https://imsdb.com/scripts/Warrior.html
1167,Watchmen,https://imsdb.com/scripts/Watchmen.html
1168,Water for Elephants,https://imsdb.com/scripts/Water-for-Elephants.html
1169,"Way Back, The","https://imsdb.com/scripts/Way-Back,-The.html"
1170,We Own the Night,https://imsdb.com/scripts/We-Own-the-Night.html
1171,What About Bob?,https://imsdb.com/scripts/What-About-Bob?.html
1172,What Lies Beneath,https://imsdb.com/scripts/What-Lies-Beneath.html
1173,When a Stranger Calls,https://imsdb.com/scripts/When-a-Stranger-Calls.html
1174,When Harry Met Sally,https://imsdb.com/scripts/When-Harry-Met-Sally.html
1175,While She Was Out,https://imsdb.com/scripts/While-She-Was-Out.html
1176,"Whistleblower, The","https://imsdb.com/scripts/Whistleblower,-The.html"
1177,White Christmas,https://imsdb.com/scripts/White-Christmas.html
1178,White Jazz,https://imsdb.com/scripts/White-Jazz.html
1179,"White Ribbon, The","https://imsdb.com/scripts/White-Ribbon,-The.html"
1180,White Squall,https://imsdb.com/scripts/White-Squall.html
1181,Whiteout,https://imsdb.com/scripts/Whiteout.html
1182,Who Framed Roger Rabbit?,https://imsdb.com/scripts/Who-Framed-Roger-Rabbit?.html
1183,Who's Your Daddy,https://imsdb.com/scripts/Who's-Your-Daddy.html
1184,Wild At Heart,https://imsdb.com/scripts/Wild-At-Heart.html
1185,"Wild Bunch, The","https://imsdb.com/scripts/Wild-Bunch,-The.html"
1186,Wild Hogs,https://imsdb.com/scripts/Wild-Hogs.html
1187,Wild Things,https://imsdb.com/scripts/Wild-Things.html
1188,Wild Things: Diamonds in the Rough,https://imsdb.com/scripts/Wild-Things:-Diamonds-in-the-Rough.html
1189,Wild Wild West,https://imsdb.com/scripts/Wild-Wild-West.html
1190,Willow,https://imsdb.com/scripts/Willow.html
1191,Win Win,https://imsdb.com/scripts/Win-Win.html
1192,Wind Chill,https://imsdb.com/scripts/Wind-Chill.html
1193,Withnail and I,https://imsdb.com/scripts/Withnail-and-I.html
1194,Witness,https://imsdb.com/scripts/Witness.html
1195,"Wizard of Oz, The","https://imsdb.com/scripts/Wizard-of-Oz,-The.html"
1196,"Wolf of Wall Street, The","https://imsdb.com/scripts/Wolf-of-Wall-Street,-The.html"
1197,Wonder Boys,https://imsdb.com/scripts/Wonder-Boys.html
1198,Wonder Woman,https://imsdb.com/scripts/Wonder-Woman.html
1199,"Woodsman, The","https://imsdb.com/scripts/Woodsman,-The.html"
1200,"World is not Enough, The","https://imsdb.com/scripts/World-is-not-Enough,-The.html"
1201,"Wrestler, The","https://imsdb.com/scripts/Wrestler,-The.html"
1202,"X-Files: Fight the Future, The","https://imsdb.com/scripts/X-Files:-Fight-the-Future,-The.html"
1203,X-Men,https://imsdb.com/scripts/X-Men.html
1204,X-Men Origins: Wolverine,https://imsdb.com/scripts/X-Men-Origins:-Wolverine.html
1205,xXx,https://imsdb.com/scripts/xXx.html
1206,Year One,https://imsdb.com/scripts/Year-One.html
1207,Yes Man,https://imsdb.com/scripts/Yes-Man.html
1208,You Can Count On Me,https://imsdb.com/scripts/You-Can-Count-On-Me.html
1209,You've Got Mail,https://imsdb.com/scripts/You've-Got-Mail.html
1210,Youth in Revolt,https://imsdb.com/scripts/Youth-in-Revolt.html
1211,Zero Dark Thirty,https://imsdb.com/scripts/Zero-Dark-Thirty.html
1212,Zerophilia,https://imsdb.com/scripts/Zerophilia.html
1213,Zootopia,https://imsdb.com/scripts/Zootopia.html
